school_name,alp_domain,alp_title,llp_domain1,llp_title
Admiralty Secondary,STEM - Emerging Technologies,Design Thinking Through Innovation and Technology,Community Youth Leadership,Nurturing Mindful Leaders through Community Outreach
Ahmad Ibrahim Secondary ,Humanities,Critical Social Inquiry and Media Literacy,Sports & Outdoor Education,Character Development Through Outdoor Learning Experience (OLE)
Ang Mo Kio Secondary,STEM - Sustainability,Environment Sustainability through STEM,Music & Performing Arts,Integrated Arts Programme
Anglo-Chinese School (Barker Road),Languages,Developing Confident and Effective Communicators,Sports & Outdoor Education,Building Character through Sports and Outdoor Education
Assumption English School,Languages,Speak English with grAce and Knowledge (SPEAK),Community Youth Leadership,DINAN Leadership Programme
Bartley Secondary,STEM - Health and Food Science,Chemical and Applied Sciences (Fragrance),Community Youth Leadership,i-LEAD @ Bartley to develop as Leaders for Others
Beatty Secondary,STEM - Cities and Urban Landscapes,Beattyians Think.Create.Innovate - Programming for smart living,Community Youth Leadership,Beatty�s Leaders for Life Programme
Bedok Green Secondary,STEM - Future of Transportation,Design and Aeronautical Engineering,Music & Performing Arts,PAssion Programme
Bedok South Secondary,Interdisciplinary,Project S.H.I.N.E -- An Integrated Student-Centred and Holistic Programme that Develops Innovation and Nurtures Empathy,Sports & Outdoor Education,SHAPE@BDS: A School of Healthy And Physically Educated Enthusiasts 
Bedok View Secondary,Humanities,Global Awareness for the 21st Century @ BV,Community Youth Leadership,Good Values @ BV
Bendemeer Secondary ,STEM - Emerging Technologies,Harnessing Technology for Healthcare ,Community Youth Leadership,"Level-wide thematic approach to VIA, with skills, values and student ownership spiralling upwards"
Boon Lay Secondary,STEM - Sustainability,Exploring Possibilities in Materials Science ,Music & Performing Arts,INSPIRE @ BLS
Bowen Secondary ,Business & Entrepreneurship,"Nurturing Creativity, Empathy and Enterprise through Social Entrepreneurship",Community Youth Leadership,Bowen ChANgemakers Programme
Broadrick Secondary ,STEM - Sustainability,Broadrick Entrepreneurship in STEM,Community Youth Leadership,"Nurturing Confidence And REsilience (CARE) through Aesthetic, Community and Youth Leadership"
Bukit Batok Secondary,STEM - Cities and Urban Landscapes,Developing Proactive Problem-Solvers who care for our World through STEM,Community Youth Leadership,Developing Community Youth Leadership (CYL) through VIA - Journey to Become RESPECTful Leaders
Bukit Merah Secondary ,STEM - Emerging Technologies,Creative Robotics and Engineering,Sports & Outdoor Education,Character Development & Leadership through Sports
Bukit View Secondary,STEM - Sustainability,Clean Energy and Environmental Technology,Music & Performing Arts,"Learning the Arts, Living the Values"
Canberra Secondary,Aesthetics,Digital Media in Visual Arts,Community Youth Leadership,GRC GEMS in action
Changkat Changi Secondary,STEM - Future of Transportation,SOAR @ CCSS - Student Centered Opportunities for AeRospace industries at CCSS,Community Youth Leadership,Service and Leadership through School to Nation
CHIJ St Joseph's Convent,Languages,The Art of Communication through Theatre and Debates,Community Youth Leadership,Empathy and Critical Thinking through Community Problem Solving
CHIJ St Theresa's Convent,Interdisciplinary,Education For Life � Developing Portable Skills through and for Real World Problem Solving,Sports & Outdoor Education,"Developing Self-directed, Confident and Resilient Leaders, Learners and Ladies through Sports & Hockey"
Christ Church Secondary ,STEM - Health and Food Science,Applied Learning Programme (ALP) in Health Science and Technology @ CHR,Sports & Outdoor Education,Leadership through Outdoor Adventure Learning 
Chua Chu Kang Secondary,STEM - Sustainability,Technology in Sustainability,Community Youth Leadership,Student Leadership Development Programme
Chung Cheng High School (Yishun),STEM - Health and Food Science,Food Science and Technology,Music & Performing Arts,HeARTs for the Arts
Clementi Town Secondary,STEM - Emerging Technologies,Mastery through Application and Research in STEM (MARS),Community Youth Leadership,Learning for Life: Community Youth Leadership
Compassvale Secondary,STEM - Future of Transportation,Aeronautics Applied Learning Programme,Community Youth Leadership,Inspired North Stars Inspire Actions
Damai Secondary,STEM - Sustainability,Environmental Sciences and Sustainability,Sports & Outdoor Education,Character Development through Water and Adventure Sports
Deyi Secondary ,Languages,Activating the Joy of Learning through Mi-ke-m?n Broadcast Journalism ,Music & Performing Arts,Nurturing Confident Communicators and Gracious Citizens through the Arts
Dunearn Secondary,STEM - Health and Food Science,FSciTech: Developing Dunearnites as confident and creative young scientists through Food Science and Technology ,Community Youth Leadership,Every Dunearnite a Community Youth Leader 
East Spring Secondary,STEM - Health and Food Science,21st Century Innovators through Health Science,Community Youth Leadership,Community Youth Leadership
Edgefield Secondary,Business & Entrepreneurship,Growing the Edgefield Mindset (G.E.M),Sports & Outdoor Education,Character Education Through Sports (Anchored on Taekwondo)
Evergreen Secondary ,Languages,Effective Communicators with a Heart,Sports & Outdoor Education,"Strengthening Resilience, Character and Leadership through Sports Education"
Fuchun Secondary,STEM - Emerging Technologies,Innovations in Science & Technology for Sustain-Ability,Music & Performing Arts,Values Through Dance
Fuhua Secondary,STEM - Emerging Technologies,Forensic Science@Fuhua,Community Youth Leadership,Leadership through Service
Gan Eng Seng School,STEM - Sustainability,GESS Probes,Community Youth Leadership,GESS LIFE Programme
Geylang Methodist School (Secondary),STEM - Sustainability,Sustainability - Promoting a Better World,Community Youth Leadership,"Nurturing Confident, Compassionate and Courageous Leaders"
Greendale Secondary,STEM - Sustainability,"Design, Technology and Engineering ALP Programme",Sports & Outdoor Education,Character Development through Outdoor and Adventure Education
Greenridge Secondary,Languages,Confident & Persuasive Communicators: Debate & New Media,Community Youth Leadership,Rise to Lead 
Guangyang Secondary,STEM - Sustainability,Sustainability,Music & Performing Arts,Act Up! Speak Up!
Hai Sing Catholic School,STEM - Cities and Urban Landscapes,Robotics and Engineering,Community Youth Leadership,Developing Leadership Competencies in Every HaiSian
Hillgrove Secondary,STEM - Future of Transportation,Broadening Learning Horizons through Flight and Aerospace,Music & Performing Arts,"Arts E3: Engage, Excite, Empower! "
Holy Innocents' High School,Languages,Journalism and Broadcasting -- Developing Critical Thinkers and Effective Communicators,Community Youth Leadership,Good Samaritan Programme (GSP)
Hougang Secondary,Languages,Promoting Communication Skills using Authentic Learning as a Platform,Community Youth Leadership,"Values in action, a Hougean way of life"
Hua Yi Secondary,STEM - Health and Food Science,Technology for Active Living,Community Youth Leadership,Community and Youth Leadership in Hua Yi
Junyuan Secondary,STEM - Health and Food Science,Developing Application-based Learning through Food Science,Community Youth Leadership,Cultivating Community Champions through Youth Leadership
Jurong Secondary,STEM - Cities and Urban Landscapes,Design for Smart and Sustainable Urban Living,Sports & Outdoor Education,"Sporty at Heart, Sporting in Mind "
Jurong West Secondary,Aesthetics,"Harnessing Technology, Communication and the Visual Arts in Authentic Contexts",Community Youth Leadership,LLP @ JWSS - Community Youth Leadership
Jurongville Secondary,STEM - Emerging Technologies,Real World Learning through Electronics,Sports & Outdoor Education,Sports for Life
Juying Secondary,Languages,"Developing Confident, Competent and Empathetic Communicators",Community Youth Leadership,Developing Self-Directed & Intrinsically Motivated Learners through PASSION
Kent Ridge Secondary,STEM - Health and Food Science,Developing Computational Thinking through Robotics,Sports & Outdoor Education,EVOKE!@KR (Educational Values of Olympism at Kent Ridge) through Sports and Outdoor Education 
Kranji Secondary,Interdisciplinary,Design Innovation for Sustainable Living ,Community Youth Leadership,Nurturing a Leader in Every Kranjian through Community and Youth Leadership
Kuo Chuan Presbyterian Secondary,Languages,"(P.A.C.E) Participate, Access/Analyse, Create, Evaluate in KCPSS Media Literacy Programme",Community Youth Leadership,It�s B.a.S.i.C! � Being a Servant Leader in the Community
Loyang View Secondary,STEM - Sustainability,Design and Engineering,Sports & Outdoor Education,"Student Leadership, Sports & Outdoor Education (Character Development Through Exposure, Empowerment & Excellence)"
Manjusri Secondary,STEM - Cities and Urban Landscapes,Smart City & Assistive Technologies,Music & Performing Arts,Learning through the ARTS
Marsiling Secondary ,STEM - Sustainability,Eco-Sustainability through Inquiry-based Learning ,Community Youth Leadership,HEART - HEalthy and Active youth for the community through outdooR and health promoTing curriculum
Mayflower Secondary,Languages,Developing confidence and curiosity through effective communication,Music & Performing Arts,"Developing a Zest for Life through Music, Performing and Visual Arts"
Meridian Secondary,Aesthetics,Applied Learning Programme in Visual Communication,Community Youth Leadership,"To develop leaders of sound character who are anchored in values, effective in leadership and altruistic in service."
Montfort Secondary,STEM - Emerging Technologies,"Made In Montfort � Design, Code, Make ",Sports & Outdoor Education,Student Leadership through Outdoor Adventure & Sports 
Nan Chiau High School,STEM - Emerging Technologies,Emerging Technologies,Music & Performing Arts," Enhancing Expression, Creativity and Aesthetics Appreciation (ECAA) through the ARTS"
Naval Base Secondary,Aesthetics,ALP in Art,Sports & Outdoor Education,Character Education through Sports
New Town Secondary,Interdisciplinary,"Digital Communicators, Change Makers",Community Youth Leadership,Nurturing Leaders of the Future through SPARK
North Vista Secondary,STEM - Cities and Urban Landscapes,Farm-to-Table,Visual Arts & Design,Nurturing Creative Problem Solvers through the Arts & Design
Northbrooks Secondary,STEM - Future of Transportation,Northbrooks Aerospace Programme (Applied Learning In Aerospace),Sports & Outdoor Education,"Northbrooks Outdoor Education: Adventure, Character, Environment (A.C.E.) Programme"
Northland Secondary ,STEM - Health and Food Science,Eldertech - Technology for Adaptive Aging,Sports & Outdoor Education,Game for Life (GfL) � �Empowering our Active Sportsmen�
Orchid Park Secondary,Aesthetics,ARTopIA,Community Youth Leadership,Community OutReach Education (CORE) Programme
Outram Secondary,Business & Entrepreneurship,Business and Enterprise,Sports & Outdoor Education,Sports For Life@Outram
Pasir Ris Crest Secondary ,Languages,Effective Communicators who impact with the heart and mind,Music & Performing Arts,Nurturing Crestian Leaders of Tomorrow through Music and the Performing Arts
Pasir Ris Secondary,Humanities,Eye on the World:  Stories through Journalism,Music & Performing Arts,Cultural Fusion
Pei Hwa Secondary,STEM - Emerging Technologies,Coding and Making,Community Youth Leadership,PRIDE of the Community: Developing An Altruist
Peicai Secondary,STEM - Health and Food Science,Applied food science & processing,Community Youth Leadership,Becoming Persons for Others � Developing Leadership through and for the Community
Peirce Secondary ,Languages,Deepening Reflection and Developing Critical Thinking through Media,Community Youth Leadership,Developing Community Leaders with the Heart to Serve through Uniformed Groups
Presbyterian High School,STEM - Health and Food Science,Food and Health Science ,Community Youth Leadership,Community Youth Leadership
Punggol Secondary,STEM - Sustainability,Applied Learning Programme in Environment Education,Community Youth Leadership,"Serving with values, developing a community of confident leaders and learners."
Queenstown Secondary,Humanities,Environmental Sustainability,Community Youth Leadership,Dare to Serve -- QUEST Leadership Development through Community Youth Leadership
Queensway Secondary,STEM - Sustainability,Sustainability (Water & Food),Sports & Outdoor Education,QSS Sports and Outdoor Education (SOE) Programme
Regent Secondary,STEM - Emerging Technologies,Create � Connect � Innovate (Emerging Technologies),Community Youth Leadership,"Empowering every Regenite to be a Responsible and Confident Leader, Committed to Excellence 
"
Riverside Secondary,Humanities,Global Citizenship Education through Critical Social Inquiry ,Music & Performing Arts,Arts for Life
Sembawang Secondary,Humanities,Critical & Inventive Thinking (CIT) through Media Literacy,Community Youth Leadership,Youth Leadership in Service of the Community
Seng Kang Secondary ,STEM - Health and Food Science,Health Science & Technology,Sports & Outdoor Education,Building Character through Sports & Outdoor Adventure
Serangoon Garden Secondary,Humanities,Researching Society through Media Literacy  ,Community Youth Leadership,Nurturing Confident and Compassionate Leaders
Serangoon Secondary,STEM - Future of Transportation,Real-world Explorations in ICT,Community Youth Leadership,Project Ablaze: Harnessing Student Leadership in the Service of Community
Springfield Secondary,STEM - Health and Food Science,Health and Food Science,Community Youth Leadership,GEARing Springfielders for Success
St Andrew�s Secondary,STEM - Future of Transportation,Saints Engineering Design Programme ,Sports & Outdoor Education,Sports for Life
St Gabriel's Secondary,STEM - Future of Transportation,Future of Transportation (Flight & Aerospace),Community Youth Leadership,Integrated Character and Citizenship Education of growing Community Youth Leaders through Service and Leadership.
St Hilda�s Secondary ,Languages,The Hildan Approach to Teaching Thinking through English Language Learning,Sports & Outdoor Education,Develop a Whole Person through Sports and Outdoor Education
St Patrick's School,STEM - Emerging Technologies,Emerging Technologies,Music & Performing Arts,Music & Music Technology
Swiss Cottage Secondary,STEM - Sustainability,Applied Sciences for Sustainable Development ,Community Youth Leadership,Thoughtful Leadership Programme
Tampines Secondary,STEM - Sustainability,Creative Engineering : Inter-disciplinary Authentic Problem Solving,Music & Performing Arts,Creative Expressions: Character development through visual and performing arts 
Unity Secondary,STEM - Sustainability,Sustainability Education @ USS,Sports & Outdoor Education,Lead through Outdoor and Sporting Adventures
West Spring Secondary,Humanities ,Effective Communication and Critical Thinking through Media Literacy,Sports & Outdoor Education,"STAR (Sportsmanship, Teamwork and Resilience) through Sports and Music"
Westwood Secondary,Business & Entrepreneurship,Innovation & Social Entrepreneurship,Music & Performing Arts,Arts for Life!
Whitley Secondary,Languages,Speech Communication Arts,Community Youth Leadership,Active Citizenship for Social Change
Woodgrove Secondary,STEM - Sustainability,STEM for Sustainable Living in the Community,Community Youth Leadership,Learners and Leaders for Life
Woodlands Ring Secondary,STEM - Future of Transportation,The Robotics Education & Enterprise (TREE),Community Youth Leadership,Student Leadership Development through Involvement in the Community
Woodlands Secondary,STEM - Health and Food Science,"Real Food, Real Science",Community Youth Leadership,Paying it Forward: WDL�s Glocal Leadership Programme
Yio Chu Kang Secondary,STEM - Emerging Technologies,To nurture inquiring minds and inventive thinkers through technology,Music & Performing Arts,"Character Development through the Arts, Media and Design"
Yishun Secondary,Aesthetics,"ALP in Sonic Arts (Music, Media & Technology)",Community Youth Leadership,"Leading with Empathy, Serving with Compassion through the Arts"
Yuan Ching Secondary,STEM - Future of Transportation,Marine Robotics,Sports & Outdoor Education,gRowing Values Through Sports and Outdoor Experiences
Yuhua Secondary,STEM - Emerging Technologies,"Coding, Design, Thinking and Robotics (CODER)",Music & Performing Arts,"M.E.L.O.D.Y. (Music Empowered Leaners, Our Dynamic Yuhuans)"
Yusof Ishak Secondary,STEM - Sustainability,STEM for the Strategic Development of a Sustainable and Smart City (S4TEM@YI),Community Youth Leadership,Nurturing Honourable Leaders for Tomorrow (YI LEAD+)
Yuying Secondary,Business & Entrepreneurship,Fostering Innovation through Design Thinking,Community Youth Leadership,"YUYING C.A.R.E.S - Collaborate, Act, Reflect, Empathise, Serve"
Zhenghua Secondary,STEM - Future of Transportation,Future of Transportation,Sports & Outdoor Education,Outdoor Education for Character & Leadership Development
Admiralty Primary ,STEM - Sustainability,Design Thinking for Sustainability (DTS @ Admiralty),Community Service & Student Leadership,High Performance Mind-set for Personal Leadership
Ahmad Ibrahim Primary,STEM - Sustainability,Sustainability Education � Nurturing Students to be Stewards of Our Environment,Community Service & Student Leadership,The 3Rs � Leader U Development programme- From Values to Action: Developing Community-based Student Leaders
Ai Tong School,Innovation & Enterprise,iDARE @ ATS,Sports & Outdoor Education,L.E.A.D.: Character and Leadership Development through Outdoor Education Programme
Alexandra Primary,STEM - Material Science,"Science, Design Technology & Design Thinking at ALPS (SDT2@ALPS)",Community Service & Student Leadership,Cultural Intelligence (CQ) ? The Code of Life
Anchor Green Primary,Interdisciplinary ,Empowering Learners to be Environmental Activists (ELEA),Music & Performing Arts,"A.G.P.S Arts (Aspire, Grow, Passion and Serve through the Arts)"
Anderson Primary,STEM  - Material Science,Eureka!,Music & Performing Arts,VIVACE! - Values Inculcation Via Arts and Creative Experiences
Angsana Primary,STEM - Sustainability,Nurturing Problem Solvers through Computational Thinking,Community Service & Student Leadership,Nurturing and Developing 21st Century Leaders through Enrichment and Lifeskills (ENL) Programmes
Ang Mo Kio Primary,Languages,"POISE@AMKP � Programme to develop Outstanding, Inspired and SEnsitive communicators at Ang Mo Kio Primary School",Community Service & Student Leadership,Nurturing the Confident AMKPian
Anglo-Chinese School (Junior),Interdisciplinary,Creative Thinkers,Sports & Outdoor Education,"All for Sports, Sports for All @ ACS(Junior)"
Anglo-Chinese School (Primary),Languages,"Dream it, Do it",Sports & Outdoor Education,Building Character Through Sports
Beacon Primary,STEM - Sustainability,Beacon Environmental Stewardship,Community Service & Student Leadership,BEACON FUTURE READY PROGRAMME (BFRP) - Beacon At Your Service (BAYS)
Bedok Green Primary,Interdisciplinary,Environmental Education (E2@BGPS),Sports & Outdoor Education,Sports and Aesthetics To Reinforce Values Education (STRIVE @ BGPS)
Bendemeer Primary,STEM - Sustainability,E2SL@BPS (Environment Education in Sustainable Living),Music & Performing Arts,Bendemeer�s TEMPO (Towards Enhancement of Music and Performing Arts Opportunities)
Blangah Rise Primary,STEM - Material Science,Aspiring Confident Engineers (ACE)@BRPS,Community Service & Student Leadership,Leader for Life 
Boon Lay Garden Primary,Interdisciplinary,Thinking curriculum through Habits of Mind @ BLGPS - Developing Self-directed Learners,Community Service & Student Leadership,Empowering the next generation of Eco Stewards through Environment Education 
Bukit Panjang Primary,Languages,CAR2E : Critical & Appreciative Reading to Respond Empathetically,Music & Performing Arts,i2 Can Dance!
Bukit Timah Primary ,Interdisciplinary,Inquiry-based Learning supported by Thinking Routines,Music & Performing Arts,Music for Everyone - Building Empathy and Resilience
Bukit View Primary,Interdisciplinary,Inspiring Reflective and Innovative Self-directed learners (IRIS),Music & Performing Arts,Arts Alive! - Nurturing Confident Leaders through the Arts
Canberra Primary,ICT & Media,"Foundation Stage: Start Young, Start It Right � Curating My Learning (P1 to P4); Orientation Stage: Orientation to My Future Learning � Ready for Tomorrow (P5 and P6)",Music & Performing Arts,Immersing in Canberra Experience through Musical Theatre Education
Canossa Catholic Primary,STEM - Sustainability,MAKE@CCPS,Sports & Outdoor Education,"Nurturing Physically Fit, Adventurous, Courageous and Empowered Leaders through Sports (PACE@CCPS)"
Cantonment Primary,Interdisciplinary,Thinking Curriculum @Cantonment Primary School (TC@CPS),Music & Performing Arts/ Visual Arts & Design  ,PAVE LLP; Performing Arts for Values and Excellence; Learning for Life Programme 
Casuarina Primary,STEM - Sustainability,Nature-based Education towards Environmental Sustainability,Visual Arts & Design ,Holistic Education through the ARTS at Casuarina Primary School (HE�ARTS@CAPS)
Catholic High School (Primary),STEM - Sustainability,Coding in Environmental Solutions (CODES),Sports & Outdoor Education,Values Infused Through Active Learning in Sports (VITALS)
Cedar Primary,Interdisciplinary,Creative and Inventive Thinking (CIT) Programme,Community Service & Student Leadership,Upstanding Leaders @ Cedar Primary School
Changkat Primary,STEM - Sustainability,ECO@CKP,Sports & Outdoor Education,"Sports, Outdoor, Athletics & Recreation @ Changkat Primary (SOAR@CKP)"
CHIJ (Katong) Primary ,Languages,"Confident, Competent and Respectful Communicators",Community Service & Student Leadership ,Community Student Leadership
CHIJ (Kellock),Interdisciplinary,Future-ready K-Champs ,Music & Performing Arts,ArtsONE+ : Purposeful Learning of Music and Performing Arts Using the Self-regulated Approach
CHIJ Our Lady of Good Counsel,Languages,Drama and Literary Arts for LifE! (D�LitE),Community Service & Student Leadership,The PROACTIVE Leader in Me Development Programme
CHIJ Our Lady of the Nativity,Languages,"LEAPS (Learn, Engage, Articulate & Perform!)",Sports & Outdoor Education,The SPARK (Sports for Active and Resilient Kids)
CHIJ Our Lady Queen of Peace,STEM - Sustainability,STEM in Sustainability,Community Service & Student Leadership,Character Lives In My Behaviour (CLIMB)
CHIJ Primary (Toa Payoh),STEM - Sustainability,Trash to Treasure,Sports & Outdoor Education,IJSports
CHIJ St Nicholas Girls' (Primary),STEM - Sustainability,Maker's Fantasy - Innovations in Math and Science for a Sustainable Earth ,Community Service & Student Leadership,A Leader in Every St Nicks Girl (Student Leadership) 
Chongfu School,Innovation & Enterprise,Chongfu Design Thinkers' Programme ,Sports & Outdoor Education,Growing Character through Sports and Outdoor Education
Chongzheng Primary,Innovation & Enterprise,EPIC -  Empowering Pupils to Innovate for the Community ,Community Service & Student Leadership,Chong Zheng Community Leaders (CZCL)
Chua Chu Kang Primary,STEM - Sustainability,A Sustainable Environment with Robotics,Community Service & Student Leadership,Leading through C.A.R.E
Clementi Primary,Interdisciplinary,"Inspiring Thinking Tinkerers @Clementi Primary: An Interdisciplinary Approach to develop Critical and Inventive Thinking, Collaborative and Communication skills",Visual Arts & Design ,Instilling Lifelong Learning Through Visual Arts
Compassvale Primary,STEM - Game Design and Making,Developing 21st Century Competencies through Robotics ,Music & Performing Arts,Developing Aesthetics Appreciation  Through Music Empowerment 
Concord Primary,Interdisciplinary,"E3 (Enable, Enrich and Empower) Reasoning @ Concord",Sports & Outdoor Education,Outdoor Education@Concord
Corporation Primary ,Interdisciplinary,Urban Food Warriors ,Music & Performing Arts,Creativity Through Dance
Damai Primary,ICT & Media ,Digital and Media Literacy through S.E.N.S.E@ Damai ,Sports & Outdoor Education,SPARKS@Play Programme
Dazhong Primary,STEM - Sustainability,Green Makers@Dazhong ,Music & Performing Arts,Arts Education Programme (AEP) @ Dazhong 
De La Salle School,Innovation & Enterprise,DISC in DLSS (Design.Innovate.Service.Community) ,Community Service & Student Leadership,Nurturing Mindful Servant Leaders @ De La Salle
East Spring Primary,ICT & Media,Digital Creativity @ ESPS,Sports & Outdoor Education,SPRING for Life - Developing Character through Sports 
Edgefield Primary,STEM - Sustainability,Environmental Science and Sustainability,Music & Performing Arts,Values Inculcation through Dance
Elias Park Primary,Interdisciplinary,nuCLEAR@EPPS (nurturing Citizen Leaders with Empathy And Resilience),Music & Performing Arts,Arts Creatively Expressed @ Elias - ACE@Elias
Endeavour Primary,Interdisciplinary,Nurturing Thinking ,Music & Performing Arts,Every Child A Performer (ECAP)    
Evergreen Primary,STEM - Sustainability,Environmental Innovators and Agents of Change,Music & Performing Arts,Learning Through The Arts & Learning In The Arts
Fairfield Methodist School (Primary),Languages,"Fairfield wRiters, Reporters and Ambassadors Programme (FR2AP)",Music & Performing Arts/ Visual Arts & Design  ,HeARTS: Building Empathy and Social Awareness through the arts
Farrer Park Primary,Interdisciplinary ,Caring for the Community through Interdisciplinary Learning,Community Service & Student Leadership,iCARE - Leaders of Tomorrow
Fern Green Primary ,STEM - Sustainability,FGPS Maker Education ,Sports & Outdoor Education,"Get REAL!@FGPS (Relate, Explore, Acquire for Life)"
Fengshan Primary,Interdisciplinary,Sustainability � Nurturing Environment Champions for a Sustainable Future,Sports & Outdoor Education,Anchored and Driven Leaders through Sports Excellence
Fernvale Primary,STEM - Sustainability,Future Skills programme,Community Service & Student Leadership,Greenova- Innovation in our green efforts
First Toa Payoh Primary,ICT & Media,Literacy Through Photojournalism,Sports & Outdoor Education,Character Building Through Outdoor Experiential Learning
Frontier Primary,Interdisciplinary,"Nurturing the Thinking F.A.C.E (Frontierers who are Adaptive, Communicative and Empowered) for tomorrow",Music & Performing Arts,DANCEFRONT (LLP)
Fuchun Primary,Languages ,Speak Up!,Music & Performing Arts,Aesthetically Responding To Shine (ARTS)
Fuhua Primary,STEM - Transportation,Students As Designers for the 21st Century,Community Service & Student Leadership,Environmental Champions @ FHPS Programme
Gan Eng Seng Primary,Interdisciplinary,From Farm to Table,Music & Performing Arts,For the Love of the Arts
Geylang Methodist School (Primary),Languages,"Competent, Confident and Empathetic Communicators in Speech and Writing ",Community Service & Student Leadership,"GM Earth Warriors Environment Education (EE): To Develop Student Leaders who Empathise, Enrich and Empower "
Gongshang Primary,Languages,Fluent Speakers Future Stars- Developing Gongshangers into Effective Communicators,Sports & Outdoor Education,S.O.A.R. (Sports Opportunities and Achievement pRogramme)
Greendale Primary,Interdisciplinary,Learning by Design ,Sports & Outdoor Education,Developing 21st Century Lifelong Learners through Outdoor Education
Greenridge Primary ,STEM - Health Science,"C.O.D.E.R.S (Computational Thinking to Develop Empathetic, Resilient Solvers)",Community Service & Student Leadership,NE2+ (positive): Nurturing Ethical and Effective Leaders with Positive mind-sets
Greenwood Primary,Languages,Bilingual LIterature Appreciation Student Series (BLISS),Community Service & Student Leadership,"We are Thinking, Inventive and Zealous KIdZ (WHIZZ) to serve the community"
Haig Girls' School,Interdisciplinary,Innovation and Service Learning through Integrated Project Work (IPW@HGS),Music & Performing Arts,Character and Leadership through the Performing and Visual Arts
Henry Park Primary,STEM - Sustainability,HPPS ALP Sustainability Programme,Sports & Outdoor Education,Sports4Life@HPPS
Holy Innocents' Primary,STEM - Sustainability,Digiminds@HIPS,Visual Arts & Design ,Artistry in Ceramic @ HIPS
Hong Wen School,Interdisciplinary,Innovative & Inventive Learners through Integration of Curriculum (I to I),Sports & Outdoor Education,Learning for Life Programme in Sports and Outdoor Education
Horizon Primary,STEM - Sustainability,Computational Thinking in Mathematics ,Community Service & Student Leadership,A Whole-school Student Leadership Development Programme through CCE
Hougang Primary,STEM - Sustainability,X-Cell@HGP,Sports & Outdoor Education,Character Development through Outdoor Education
Huamin Primary ,Interdisciplinary,Education for Sustainable Development (ESD @ Huamin),Visual Arts & Design ,Creative Arts Programme for Students (C.A.P.S.)
Innova Primary,Interdisciplinary,Creative Problem Solving at Innova Primary School (CPS@IPS),Community Service & Student Leadership,Leading Through Serving
Jiemin Primary,Languages,Journalist-in-Making (JiM),Music & Performing Arts,Aesthetics Alive
Jing Shan Primary,STEM - Sustainability,Green Explorers @ JS,Community Service & Student Leadership,"Flourish @ JS: Character Strengths, Mindfulness and Gratitude in Action"
Junyuan Primary,Languages,Developing Every Pupil into a Confident Communicator,Music & Performing Arts/ Visual Arts & Design ,Arts Alive! 
Jurong Primary,Innovation & Enterprise,"PLAY@JPS  (Passion, Learning, Adapt & Apply, asking whY) ",Community Service & Student Leadership,Every Child A Leader @ JPS (ECAL @ JPS)
Jurong West Primary,Languages,Art of Communication for Personal Excellence ,Sports & Outdoor Education,Experiential Learning of Lifeskills for Personal Excellence
Keming Primary,STEM - Sustainability,INquiry Science Projects Involving Research and Experiments (I.N.S.P.I.R.E. the Scientist in Me),Sports & Outdoor Education,Character Development through Sports
Kheng Cheng School,STEM - Sustainability,Eco-lution,Community Service & Student Leadership,Student Voice & Advocacy (SVA)
Kong Hwa School,Languages,Every Kong Hwaian an Effective Communicator,Sports & Outdoor Education,Exposure-Experience-Excel through Sports
Kranji Primary,STEM - Material Science,Nurturing Joyful Learners through Critical and Inventive Thinking,Sports & Outdoor Education,Developing Champions in Life through Sports
Kuo Chuan Presbyterian Primary,Languages,"E-Cube: Engage, Excite, Express",Visual Arts & Design ,Learning for Life Programme in Visual Art and Design - �Let�s Think Design!�
Lakeside Primary,Interdisciplinary,ThInkers with Heart,Music & Performing Arts,STARS witHeARTs - Shine as Thinkers and Responsible Leaders with the Performing ARTs
Lianhua Primary ,STEM - Sustainability,"Robotics, Information and Technology Education (RITE) @ Lianhua",Sports & Outdoor Education,CHAMP for Life
Maha Bodhi School,Languages,Empathetic Listeners. Effective Communicators. Trailblazing Advocates (ELECTRA@MBS),Music & Performing Arts,Learning through an Ethnic Arts Programme (LEAP)
Maris Stella High (Primary),STEM - Material Science,Materials Around Us,Sports & Outdoor Education,The Marist Sports & Life Skills Experience
Marsiling Primary,Languages,"Spark Ideas, Spark Interest, Spark Action: Igniting A Passion for Purposeful Storytelling (SPARKS@MPS)",Community Service & Student Leadership,"LEAD (Learn, Engage, Absorb, Demonstrate) to Serve @ MPS "
Marymount Convent School,Languages,Grooming Compassionate and Confident Ladies to Advocate for Worthy Causes ,Sports & Outdoor Education,Enhancing Holistic Health through Sports and Outdoor Education - Sports Excellence (SPOEEX) @ Marymount
Mayflower Primary,STEM - Sustainability,STEM@MFPS,Visual Arts & Design ,"LLP@MFPS: Development of Character, Citizenship and 21CC through the Arts"
Mee Toh School,Interdisciplinary,A3 Eco-Citizens@MTS,Sports & Outdoor Education,SENCE @ MTS (Sports Education Nurturing Character Excellence at Mee Toh School)
Meridian Primary,Interdisciplinary,"Nurturing Future Learners, Citizens and Leaders through a whole school Interdisciplinary approach in Eco-Environmental Curriculum",Community Service & Student Leadership,Meridian Values-Based Student Leadership In Action For 21CC
Methodist Girls' School (Primary),Languages,Communication through Service Learning ,Sports & Outdoor Education,Outdoor and Sports Programme at MGS
Montfort Junior,STEM - Sustainability,Montfort STEAM ALP ,Sports & Outdoor Education,Developing Montfortians with CHRISTE values through sports
Nan Chiau Primary,STEM - Health Science,Watch Me SOAR (WMS),Community Service & Student Leadership,EMPOWER@NCPS
Nan Hua Primary,Interdisciplinary,NHPS Thinking Programme,Community Service & Student Leadership,From ME to WE (MEWE)
Nanyang Primary,Innovation & Enterprise,Problem-Solving Through Maker Education,Music & Performing Arts,Building Culture Quotient through Dance
Naval Base Primary ,Interdisciplinary,Constructionist Game Design,Sports & Outdoor Education,Holistic Outdoor Physical Education & Sports (HOPES) Programmes
New Town Primary,Interdisciplinary,scieNcE Alive@NEwTown,Community Service & Student Leadership,A Leader in Every Child
Ngee Ann Primary ,STEM - Sustainability,Sustainable Green,Music & Performing Arts,"GRACE (Graciousness through Arts, Creating Excellence) in Performing Arts Programme"
Northoaks Primary,Interdisciplinary,Curriculum Integration through Innovation,Sports & Outdoor Education,"SporTs, OutdooR Programme and Inculcation of Values Education (STRIVE) @ Northoaks"
Northshore Primary,na,na,Sports & Outdoor Education,Outdoor Education and Caring for our Environment @ Northshore (OCE@N)
North Spring Primary ,STEM - Sustainability,Maker�s Sustainability Education,Sports & Outdoor Education,Play Your Hearts Out @  North Spring
North View Primary,STEM - Sustainability,Sustainable Living Starts with Me ,Music & Performing Arts,Every Pupil a Confident Performer
North Vista Primary,ICT & Media,Play. Create. Share,Visual Arts & Design ,ArtsALIVE@VISTA
Northland Primary,Interdisciplinary,Applied Thinking Programme,Music & Performing Arts,"My Story, My Stage "
Oasis Primary ,Interdisciplinary,Nurturing Language Artisans through an Interdisciplinary Approach,Community Service & Student Leadership,"Lead with a Heart, Changemakers for The Future"
Opera Estate Primary,STEM - Sustainability,Opera Goes Green (OPG),Music & Performing Arts,Ignite De Arts @ OEPS
Palm View Primary,Languages,Act-cellent Education through Drama,Community Service & Student Leadership,"The Palm View Challenge � A Leader, An Advocate, A Force For Good"
Park View Primary,Innovation & Enterprise,Innovation through Service and Leadership (iSL@PVPS),Sports & Outdoor Education,Sports Experiential Programme 
Pasir Ris Primary,Innovation & Enterprise,"D2C@PRPS: Discover, Dream and Create Possibilities",Sports & Outdoor Education,E3 in Sports@PRPS
Paya Lebar Methodist Girls' School (Primary),STEM - Transportation,MoveIT,Music & Performing Arts/ Visual Arts & Design ,Aesthetics Expressions @ PL
Pei Chun Public School,Languages, Bilingual Media Studies (BMS) Programme,Community Service & Student Leadership,Pei Chun Leaders Programme (PCLP)
Pei Hwa Presbyterian Primary,Languages,"Competent, Confident Communicators",Sports & Outdoor Education,"Developing Character and Leadership through STAR (Self-defence, Track & field, Adventure and Racquet games) @ PHPPS"
Pei Tong Primary,STEM - Sustainability,PLANET (Pei Tong Learn and Nurture the Environment with Technology) ,Music & Performing Arts,I�MADD
Peiying Primary,Interdisciplinary ,Project THINK (Thinking Holistic Innovative Networked Kids) for Home Earth ,Sports & Outdoor Education,"Sports, Character Development and Adventure Learning Experiences @ Peiying (SCALE@PEIYING)"
Pioneer Primary,Interdisciplinary ,Advocacy through Thinking,Music & Performing Arts,Fitness and Graciousness Through Dance
Poi Ching School,Languages,Developing a Bilingual and Effective Speaker and wriTer in every pupil (BEST),Music & Performing Arts,D�ARTS@PCS
Princess Elizabeth Primary ,Innovation & Enterprise ,Designing For InclUsivity (Design4U),Community Service & Student Leadership,The LOVE (Learning Our Values through Empathy) Experience
Punggol Cove Primary ,Languages,Holistic English Literacy Programme (HELP),Music & Performing Arts/ Visual Arts & Design  ,Grow Every Music Student (GEMS@PC)
Punggol Green Primary,STEM - Sustainability,Action for a Sustainable Future through Science - IGNITE (Inspiring Generations of Novel & Innovative Thinkers & Explorers in Sustainability) @ PGPS Programme,Community Service & Student Leadership,Student Leadership (APPLE-Achieving Purpose and Performance in Leadership Excellence @ PGPS Programme)
Punggol Primary,Interdisciplinary,GreeNovation,Sports & Outdoor Education,Social-emotional learning and character development Through Active paRticipation in Sports & outdoor education (S.T.A.R.S.) programme
Punggol View Primary,Languages,E2C@PGVP (Effective and Empathetic Communicators),Sports & Outdoor Education,Building of Character through Outdoor Experiential Learning
Qifa Primary,Languages,Effective Communication,Sports & Outdoor Education,CHAMPS (CHAracter Moulding Programme through Sports)@Qifa 
Qihua Primary,Innovation & Enterprise,Inventive and Critical Thinking Skills through Innovation and Entrepreneurship Excellence Programme ,Sports & Outdoor Education,Promotion of School Values through Sports Development Programme (SDP)
Queenstown Primary,Interdisciplinary ,Environmental Project-based Learning,Visual Arts & Design ,Connecting the heARTs with ARTs
Radin Mas Primary,STEM - Game Design and Making,Nurturing 21st Century Competencies through Computational Thinking With Design Thinking,Sports & Outdoor Education,G.R.I.T@RMPS - Growth Mindset.Resilience.Independence.Teamwork
Raffles Girls' Primary,Languages,Nurturing Confident Communicators,Music & Performing Arts,Developing Creativity Through Collaborative Music Making
Red Swastika School,STEM - Transportation,Tinkers to Thinkers (T2T) Programme,Community Service & Student Leadership,Every RSS Student A Leader
River Valley Primary ,Languages,Comms-IT Rt!,Community Service & Student Leadership,Every RVian a Leader
Riverside Primary,Interdisciplinary,Playworks � Nurturing Critical and Inventive Thinkers,Community Service & Student Leadership,"PeerWorks - Building Self, Supporting One Another, Serving the Community Together "
Rivervale Primary,STEM - Sustainability,Multi-Literacy Programme (MLP),Music & Performing Arts,Dance and Fitness
Rosyth School,STEM - Material Science,Augmenting Science Learning through Innovation,Music & Performing Arts,Programme for Aesthetics Integration@Rosyth (PAIR)
Rulang Primary,STEM - Transportation,Robotics for a Better World,Sports & Outdoor Education,"Sports Teach Responsibility, Inventiveness, Values & Excellence (STRIVE) @ Rulang"
Sembawang Primary,STEM - Sustainability,Environmental Science,Community Service & Student Leadership,"Nurturing Self Leaders, Community Leaders and Peer Leaders who Advocate and Affect Positive Changes"
Sengkang Green Primary,Interdisciplinary,Future Skills through Experiential Project Work ,Music & Performing Arts,Fostering ICAR2E THROUGH THE ARTS
Seng Kang Primary,Languages,Enhanced Spoken English Programme,Sports & Outdoor Education,Developing Values and Leadership through Sports Education
Shuqun Primary,Interdisciplinary ,Caring and Responsible Environmentalist (CaRE) Programme ,Sports & Outdoor Education,Character and Leadership development through ADventure (CLAD)
Si Ling Primary,STEM - Sustainability,Environmental Science Programme,Community Service & Student Leadership,Community and Student Leadership 
Singapore Chinese Girls (Primary),Languages,"Stories Opening Windows to the world: Using narratives to appreciate Culture, build Connections and effect Change",Music & Performing Arts,"SCGS, Arts For �Ur� Life (SC-ArtFUL)"
South View Primary ,ICT & Media,Sustaining Gaia,Music & Performing Arts,Love Dance.  Love Life!
Springdale Primary,Interdisciplinary,Nurturing Empathetic Change Makers,Community Service & Student Leadership,Nurturing Leaders with a Heart
St Andrew�s Junior,Interdisciplinary,Saints as Servant Leaders who Bring Life to the Nations,Sports & Outdoor Education,Sports for Life
St Anthony's Canossian Primary,STEM - Sustainability,Inno-Eco-Creator Programme,Sports & Outdoor Education,Building Leaders with a Heart for Others through Sports and Arts
St Anthony's Primary,STEM - Game Design and Making,CODE@SAPS ,Visual Arts & Design ,"SAPS Visual Arts Programme (SAPS VAP): Learn, Grow and Serve"
St Hilda's Primary,Languages,The Hildan Ambassador Programme,Visual Arts & Design ,"IMPRINTS Alive! Nurturing Creativity and Culture through Performing Arts, Visual Arts and Leadership"
St Margaret's School (Primary),Languages,"The H.E.A.R.T of Communication (Heart, Head and Hands and Ears through Application in Real-life situations and Tiered)",Sports & Outdoor Education,Sports A. C�. E: Sports for All; Sports for Continuity & Character; Sports for Excellence
St Stephen's Primary,Interdisciplinary,"Smart, Selfless and Sustainability (SSS) Stewards",Sports & Outdoor Education,Physical EducAtion and Sports for every StephenIAN  (PASSIAN)
St Gabriel's Primary,ICT & Media ,Gabrielite Digital Literacy Programme (GDLP),Community Service & Student Leadership,Montfortian Leadership Programme (MLP)
St Joseph's Institution Junior,Interdisciplinary ,Observe � Reflect � Act (ORA @ SJI Junior),Sports & Outdoor Education,Sports Experience Reinforcing Values Education (Serve@SJIJ)
Tampines North Primary,Languages,I am a TNPS Influencer ,Community Service & Student Leadership,Green for Life (G4Life) Programme: Character Building through Environment Education
Tampines Primary,Languages,"STAR ACTtituDE: Students with Strengths, Talents, Aspiration and Resilience to Achieve Creativity and Confidence with Transformation inspired through Drama in Education ",Community Service & Student Leadership,Future-ready Citizens - Developing the Community Leader 
Tanjong Katong Primary,Innovation & Enterprise,D.R.I.V.E. - Developing Resilient Innovative Entrepreneurs,Sports & Outdoor Education,Team Sports Excellence @ TKP
Tao Nan School,STEM - Game Design and Making,"C3@TNS 
Critical, Creative & Computational Thinking   ",Sports & Outdoor Education,ENRICH@TNS
Teck Ghee Primary,STEM - Sustainability,TinkeringG Stars,Visual Arts & Design ,The Art of Communication through Multimedia
Teck Whye Primary,Languages,Media Whiz Kids! Nurturing Confident and Media Literate Communicators ,Community Service & Student Leadership,"I-LEAD, I-SERVE � Leadership through Service"
Telok Kurau Primary,STEM - Game Design and Making,Innovative Thinking through Coding and Robotics,Sports & Outdoor Education,Character Development through Team Sports
Temasek Primary,STEM - Sustainability,RoboALERT (Applicative Learning Experience through Robotics at Temasek),Sports & Outdoor Education,SOAR -- Sports Opportunities for Active lifestyle and physical Resilience
Townsville Primary,na,na,Music & Performing Arts,iDARE through the ARTs
Unity Primary,Languages,Critical Thinking Accelerated Programme (CAPtivate),Community Service & Student Leadership,CharGE UP! (Character Development through Green & Experiential Learning @ Unity Primary)
Valour Primary,na,na,Sports & Outdoor Education,Growing Kindness through the Outdoors
Waterway Primary,Languages,Orators@Waterway,Community Service & Student Leadership,Growth and Benefit Mindset @ Waterway
Wellington Primary,ICT & Media,New Media and Artificial Intelligence For Us (AI4U) ,Music & Performing Arts,Artivists with a HeART   
West Grove Primary,Interdisciplinary,Empowered Emissary of the Environment (E3) Programme ,Community Service & Student Leadership,Gracious Leaders 
West Spring Primary,STEM - Sustainability,Sustaining the Earth with Applied Solutions (SEAS),Sports & Outdoor Education,Joyful ExperienC.E. @ West Spring (ExperienC.E. � Experience Challenging Endeavours)
West View Primary,STEM - Sustainability,F.R.I.E.N.D of Earth,Music & Performing Arts,"ACE the Arts (Appreciate, Create, Explore to Excel)"
Westwood Primary,Interdisciplinary,Positive Design and Maker Education,Community Service & Student Leadership,Igniting Young Hearts with a Passion for the Community and Service Leadership through Positive Education
White Sands Primary,ICT & Media,"The E� journey 
(Excite, Enable, Excel)",Visual Arts & Design  ,"HeARTs @ WSPS
(Heritage ART @ WSPS)"
Woodgrove Primary,Languages,Effective Communication through Drama Pedagogies,Music & Performing Arts,Shine and Succeed through Dance
Woodlands Primary,Languages,Joy of Learning Languages (JOL2@WOODS),Sports & Outdoor Education,Sports Performance And Character Education (SPACE)
Woodlands Ring Primary,STEM - Game Design and Making,Be a deSign Thinker (B.E.S.T),Community Service & Student Leadership,I can Soar Leadership Programme @WRP
Xinghua Primary,Interdisciplinary,Environmental Education in Xinghua,Visual Arts & Design ,Confidence Building and Critical Thinking through the Visual Arts
Xingnan Primary ,STEM - Material Science,Xingnan Explorers,Music & Performing Arts,FLAIR@XINGNAN � An experience with Performing Arts
Xinmin Primary,Interdisciplinary,GLOBE@Xinmin Pri Sch (Green Lifestyle Observed By Everyone),Community Service & Student Leadership,Cultivating a Life of Values and Excellence (CLOVE)
Xishan Primary ,Languages ,News Enrichment Xishanites Unitedly Share (NEXUS),Community Service & Student Leadership,Developing Confident Leaders through Mental Skills Empowerment and Values In Action 
Yangzheng Primary,Innovation & Enterprise,Future-Makers Eco-Champions (FMEC) @ YZ,Community Service & Student Leadership,4H Leadership @ YZPS
Yew Tee Primary,Interdisciplinary,"D.R.E.A.M.@Yew Tee (Developing Reflective Learners, Empowering Creative Minds)",Sports & Outdoor Education,Holistic Enriching and Rewarding Outdoor Education & Sports (HEROES) @ YTPS
Yio Chu Kang Primary,STEM - Sustainability,ESTEM@YCKPS (ALP in Environmental STEM-based applied learning at YCKPS),Music & Performing Arts,CREATE@YCKPS
Yishun Primary,STEM - Sustainability,"Be Environmentally Green, Don't Leave Your Footprint",Music & Performing Arts,"Viva De Symphonie � Championing Values: Living, Learning and Growing through Music"
Yu Neng Primary,ICT & Media,Tech4Good,Sports & Outdoor Education,GOal GR3IT
Yuhua Primary,Interdisciplinary,Think@Yuhua � Developing Critical and Creative Thinkers,Music & Performing Arts,Building Good Character through Music and the Performing Arts
Yumin Primary,STEM - Game Design and Making,"I3QUEST �Question, Imagine, Innovate, Inspire",Community Service & Student Leadership,"Developing Flourishing, Compassionate Yumin Champions who are rooted to Singapore"
Zhangde Primary,STEM - Sustainability,Developing Zhangde GIVER3S Values Through Environment Education,Sports & Outdoor Education,"DARE@ZPS (Discover, Adventure, Relationship building, Espirit de-Corps)"
Zhenghua Primary,Interdisciplinary,Advocates and Innovators for Sustainable Living,Music & Performing Arts/ Visual Arts & Design  ,Creative Arts @ Zhenghua
Zhonghua Primary,STEM - Sustainability,Thinknovate@ZPS,Community Service & Student Leadership,Green Education Movement @ Zhonghua Primary School (GEM@ZPS)
