school_name,address,postal_code,nature_code,sap_ind,autonomous_ind,gifted_ind,P1_demand,P2A_demand,P2B_demand,P2C_demand,P2CS_demand,subject_count,distprog_count,cca_clubs,cca_others,cca_sports,cca_uniformed,cca_arts,affiliation_count,top_psle_score
ADMIRALTY PRIMARY SCHOOL,11 WOODLANDS CIRCLE   ,738907,CO-ED SCHOOL,0,0,0,0.59,0.59,1.22,1.84,0.0,24,2,5,0,5,2,6,0,0
AHMAD IBRAHIM PRIMARY SCHOOL,10 YISHUN STREET 11   ,768643,CO-ED SCHOOL,0,0,0,0.3,0.06,0.0,0.18,0.17,21,2,3,1,4,1,4,0,0
AI TONG SCHOOL,100 Bright Hill Drive   ,579646,CO-ED SCHOOL,1,0,0,0.53,1.19,2.67,1.98,0.0,14,1,4,0,6,2,5,0,1
ALEXANDRA PRIMARY SCHOOL,2A Prince Charles Crescent   ,159016,CO-ED SCHOOL,0,0,0,0.48,0.53,0.13,1.21,0.0,22,1,6,0,7,1,5,0,0
ANCHOR GREEN PRIMARY SCHOOL,31 Anchorvale Drive   ,544969,CO-ED SCHOOL,0,0,0,0.39,0.29,0.0,0.2,0.67,30,1,4,0,4,1,5,0,0
ANDERSON PRIMARY SCHOOL,19 ANG MO KIO AVE 9   ,569785,CO-ED SCHOOL,0,0,0,0.57,0.63,0.73,1.27,0.0,30,1,4,0,4,2,11,0,0
ANG MO KIO PRIMARY SCHOOL,20 ANG MO KIO AVENUE 3   ,569920,CO-ED SCHOOL,0,0,0,0.38,0.31,0.0,0.34,0.25,29,2,4,1,6,2,4,0,0
ANGLO-CHINESE SCHOOL (JUNIOR),16 WINSTEDT ROAD   ,227988,BOYS' SCHOOL,0,0,0,0.36,0.78,1.85,1.33,0.0,24,2,5,0,28,2,5,2,0
ANGLO-CHINESE SCHOOL (PRIMARY),50 BARKER ROAD   ,309918,BOYS' SCHOOL,0,0,1,0.35,0.77,1.73,1.32,0.0,32,1,7,0,18,2,2,2,1
ANGSANA PRIMARY SCHOOL,51 Tampines Street 61   ,528565,CO-ED SCHOOL,0,0,0,0.47,0.76,0.03,1.59,0.71,30,1,3,1,5,2,4,0,0
BEACON PRIMARY SCHOOL,36 Bukit Panjang Ring Road   ,679944,CO-ED SCHOOL,0,0,0,0.51,0.08,0.0,0.33,0.2,29,1,4,1,5,1,4,0,0
BEDOK GREEN PRIMARY SCHOOL,1 BEDOK SOUTH AVE 2   ,469317,CO-ED SCHOOL,0,0,0,0.36,0.11,0.0,0.2,0.4,31,2,2,0,4,2,6,0,0
BENDEMEER PRIMARY SCHOOL,91 BENDEMEER ROAD   ,339948,CO-ED SCHOOL,0,0,0,0.33,0.17,0.01,0.27,0.44,30,2,2,0,6,0,5,0,0
BLANGAH RISE PRIMARY SCHOOL,91 TELOK BLANGAH HEIGHTS   ,109100,CO-ED SCHOOL,0,0,0,0.34,0.25,0.0,0.22,0.21,29,1,3,0,3,2,2,0,0
BOON LAY GARDEN PRIMARY SCHOOL,20 BOON LAY DRIVE   ,649930,CO-ED SCHOOL,0,0,0,0.32,0.1,0.0,0.22,0.21,30,1,4,0,6,2,4,0,0
BUKIT PANJANG PRIMARY SCHOOL,109 CASHEW ROAD   ,679676,CO-ED SCHOOL,0,0,0,0.57,0.85,0.88,1.65,0.0,25,1,5,1,7,2,5,0,0
BUKIT TIMAH PRIMARY SCHOOL,111 Lorong Kismis   ,598112,CO-ED SCHOOL,0,0,0,0.43,0.1,0.02,0.66,1.33,24,1,3,3,6,2,5,0,0
BUKIT VIEW PRIMARY SCHOOL,18 BUKIT BATOK STREET 21   ,659634,CO-ED SCHOOL,0,0,0,0.27,0.07,0.0,0.23,0.8,23,2,5,3,5,1,6,0,0
CANBERRA PRIMARY SCHOOL,21 ADMIRALTY DRIVE   ,757714,CO-ED SCHOOL,0,0,0,0.51,0.2,0.46,1.18,0.0,25,2,6,1,9,2,3,0,0
CANOSSA CATHOLIC PRIMARY SCHOOL,1 Sallim Road   ,387621,CO-ED SCHOOL,0,0,0,0.67,0.25,0.6,0.76,1.32,22,1,2,0,4,2,5,0,0
CANTONMENT PRIMARY SCHOOL,1 CANTONMENT CLOSE   ,88256,CO-ED SCHOOL,0,0,0,0.4,0.06,0.01,0.29,0.33,31,1,3,2,7,1,4,0,0
CASUARINA PRIMARY SCHOOL,30 PASIR RIS ST 41   ,518935,CO-ED SCHOOL,0,0,0,0.61,0.54,0.01,0.57,0.73,23,1,3,0,5,2,5,0,0
CATHOLIC HIGH SCHOOL,9 BISHAN STREET 22   ,579767,BOYS' SCHOOL,1,1,1,0.4,1.29,1.81,1.48,0.0,48,2,3,0,17,5,8,1,1
CEDAR PRIMARY SCHOOL,15 CEDAR AVENUE   ,349700,CO-ED SCHOOL,0,0,0,0.25,0.23,0.01,0.3,0.57,32,1,6,0,5,2,2,0,0
CHANGKAT PRIMARY SCHOOL,11 SIMEI ST 3   ,529896,CO-ED SCHOOL,0,0,0,0.29,0.1,0.01,0.3,0.14,29,2,3,1,4,1,4,0,0
CHIJ (KATONG) PRIMARY,17 MARTIA ROAD   ,424821,GIRLS' SCHOOL,0,0,0,0.3,0.32,0.39,0.53,0.86,27,1,4,0,8,1,3,1,0
VALOUR PRIMARY SCHOOL,49 Punggol Central   ,828728,CO-ED SCHOOL,0,0,0,0.57,0.82,0.06,1.32,0.0,29,1,3,0,5,3,4,0,0
CHIJ (KELLOCK),1 Bukit Teresa Road   ,99757,GIRLS' SCHOOL,0,0,0,0.33,0.14,0.24,0.46,0.5,30,1,8,0,6,1,3,1,0
CHIJ OUR LADY OF GOOD COUNSEL,2C Burghley Drive   ,558979,GIRLS' SCHOOL,0,0,0,0.36,0.24,0.37,0.48,0.94,26,1,3,0,4,1,3,1,0
CHIJ OUR LADY OF THE NATIVITY,1257 UPPER SERANGOON ROAD   ,534793,GIRLS' SCHOOL,0,0,0,0.34,0.2,0.86,1.07,0.0,21,1,2,1,4,1,3,1,0
CHIJ OUR LADY QUEEN OF PEACE,4 Chestnut Drive   ,679287,GIRLS' SCHOOL,0,0,0,0.33,0.11,0.26,0.6,0.88,29,1,3,0,3,1,5,1,0
CHIJ PRIMARY (TOA PAYOH),628 Lorong 1 Toa Payoh   ,319765,GIRLS' SCHOOL,0,0,0,0.38,0.85,1.93,1.49,0.0,26,1,4,0,14,1,6,1,0
CHIJ ST. NICHOLAS GIRLS' SCHOOL,501 ANG MO KIO STREET 13   ,569405,GIRLS' SCHOOL,1,1,0,0.45,1.29,2.19,1.73,0.0,46,1,11,0,8,4,11,1,1
CHONGFU SCHOOL,170 YISHUN AVENUE 6   ,768959,CO-ED SCHOOL,0,0,0,0.56,0.91,1.94,2.75,0.0,24,1,5,0,6,3,5,0,0
CHONGZHENG PRIMARY SCHOOL,1 TAMPINES STREET 21   ,529392,CO-ED SCHOOL,0,0,0,0.52,0.56,0.24,1.21,0.0,24,1,5,0,4,2,6,0,0
CHUA CHU KANG PRIMARY SCHOOL,20 CHOA CHU KANG AVENUE 2   ,689905,CO-ED SCHOOL,0,0,0,0.59,0.54,0.58,1.68,0.0,30,2,3,0,4,1,6,0,0
CLEMENTI PRIMARY SCHOOL,8 CLEMENTI AVE 3   ,129903,CO-ED SCHOOL,0,0,0,0.31,0.09,0.0,0.35,0.87,37,2,7,2,6,1,6,0,0
COMPASSVALE PRIMARY SCHOOL,21 COMPASSVALE ST   ,545091,CO-ED SCHOOL,0,0,0,0.57,0.19,0.42,1.28,0.0,25,2,4,0,5,1,5,0,0
CONCORD PRIMARY SCHOOL,3 CHOA CHU KANG AVE 4   ,689814,CO-ED SCHOOL,0,0,0,0.6,0.33,0.04,0.81,1.3,29,1,1,0,4,0,4,0,0
CORPORATION PRIMARY SCHOOL,31 JURONG WEST STREET 24   ,648347,CO-ED SCHOOL,0,0,0,0.47,0.15,0.02,0.27,0.27,29,1,4,1,4,2,5,0,0
DAMAI PRIMARY SCHOOL,52 BEDOK RESERVOIR CRESCENT   ,479226,CO-ED SCHOOL,0,0,0,0.39,0.16,0.01,0.23,0.27,31,2,4,0,3,2,4,0,0
DAZHONG PRIMARY SCHOOL,35 BUKIT BATOK STREET 31   ,659441,CO-ED SCHOOL,0,0,0,0.53,0.8,0.0,1.06,5.29,24,1,1,1,6,2,3,0,0
DE LA SALLE SCHOOL,11 Choa Chu Kang St 52   ,689285,CO-ED SCHOOL,0,0,0,0.47,0.15,0.22,0.81,1.39,29,1,6,0,5,2,3,2,0
EAST SPRING PRIMARY SCHOOL,31 TAMPINES ST 33   ,529258,CO-ED SCHOOL,0,0,0,0.37,0.13,0.01,0.42,0.39,25,2,3,0,4,1,5,0,0
EDGEFIELD PRIMARY SCHOOL,41 EDGEFIELD PLAINS   ,828869,CO-ED SCHOOL,0,0,0,0.4,0.08,0.0,0.29,0.36,32,2,3,0,4,1,3,0,0
ELIAS PARK PRIMARY SCHOOL,11 PASIR RIS STREET 52   ,518866,CO-ED SCHOOL,0,0,0,0.73,0.72,0.05,1.58,0.0,31,1,3,0,4,1,3,0,0
ENDEAVOUR PRIMARY SCHOOL,10 Admiralty Link   ,757521,CO-ED SCHOOL,0,0,0,0.38,0.05,0.02,0.35,0.57,30,1,3,1,8,2,6,0,0
EVERGREEN PRIMARY SCHOOL,31 WOODLANDS CIRCLE   ,738908,CO-ED SCHOOL,0,0,0,0.55,0.23,0.01,0.65,0.84,32,2,3,1,4,1,5,0,0
FAIRFIELD METHODIST SCHOOL (PRIMARY),100 DOVER ROAD   ,139648,CO-ED SCHOOL,0,0,0,0.55,1.05,1.8,1.8,0.0,32,1,4,0,5,3,4,1,0
FARRER PARK PRIMARY SCHOOL,2 FARRER PARK ROAD   ,217567,CO-ED SCHOOL,0,0,0,0.33,0.18,0.01,0.26,0.45,30,1,5,0,6,2,4,0,0
FENGSHAN PRIMARY SCHOOL,307 BEDOK NORTH ROAD   ,469680,CO-ED SCHOOL,0,0,0,0.56,0.79,0.04,1.13,0.62,23,1,2,1,5,4,5,0,0
FERN GREEN PRIMARY SCHOOL,70 Fernvale Link,797538,CO-ED SCHOOL,0,0,0,0.62,0.6,0.04,0.89,0.64,33,1,4,0,5,1,5,0,0
FERNVALE PRIMARY SCHOOL,1 Fernvale Lane   ,797701,CO-ED SCHOOL,0,0,0,0.45,0.27,0.02,0.58,1.02,29,1,4,0,4,1,5,0,0
FIRST TOA PAYOH PRIMARY SCHOOL,7 LORONG 8 TOA PAYOH   ,319252,CO-ED SCHOOL,0,0,0,0.22,0.11,0.0,0.08,0.14,29,1,3,2,2,4,2,0,0
FRONTIER PRIMARY SCHOOL,20 Jurong West Street 61   ,648200,CO-ED SCHOOL,0,0,0,0.54,1.21,0.84,1.71,0.0,24,1,3,1,5,2,4,0,0
FUCHUN PRIMARY SCHOOL,23 WOODLANDS AVENUE 1   ,739063,CO-ED SCHOOL,0,0,0,0.45,0.26,0.01,0.42,0.1,29,2,4,0,4,1,4,0,0
FUHUA PRIMARY SCHOOL,65 JURONG EAST STREET 13   ,609647,CO-ED SCHOOL,0,0,0,0.42,0.29,0.01,0.38,0.39,24,2,6,3,6,3,5,0,0
GAN ENG SENG PRIMARY SCHOOL,100 REDHILL CLOSE   ,158901,CO-ED SCHOOL,0,0,0,0.37,0.08,0.0,0.2,0.19,29,2,3,0,5,3,3,0,0
GEYLANG METHODIST SCHOOL (PRIMARY),4 Geylang East Central   ,389706,CO-ED SCHOOL,0,0,0,0.46,0.27,0.11,0.93,0.55,29,2,4,0,6,2,5,1,0
GONGSHANG PRIMARY SCHOOL,1 TAMPINES STREET 42   ,529176,CO-ED SCHOOL,0,0,0,0.62,2.65,0.85,2.47,0.0,27,1,5,0,5,1,2,0,0
GREENDALE PRIMARY SCHOOL,50 Edgedale Plains   ,828848,CO-ED SCHOOL,0,0,0,0.4,0.22,0.0,0.18,0.3,29,2,4,1,6,3,3,0,0
GREENRIDGE PRIMARY SCHOOL,11 JELAPANG ROAD   ,677744,CO-ED SCHOOL,0,0,0,0.54,0.23,0.02,0.28,0.17,23,2,5,1,7,3,4,0,0
GREENWOOD PRIMARY SCHOOL,11 WOODLANDS  DR  62   ,737942,CO-ED SCHOOL,0,0,0,0.58,0.16,0.03,0.71,0.95,30,1,4,0,4,1,6,0,0
HAIG GIRLS' SCHOOL,51 Koon Seng Road   ,427072,GIRLS' SCHOOL,0,0,0,0.34,0.25,0.29,0.88,1.29,29,1,3,0,5,2,6,0,0
HENRY PARK PRIMARY SCHOOL,1 HOLLAND GROVE ROAD   ,278790,CO-ED SCHOOL,0,0,1,0.52,0.99,1.18,1.6,0.0,24,1,5,0,10,3,5,0,1
HOLY INNOCENTS' PRIMARY SCHOOL,5 Lorong Low Koon   ,536451,CO-ED SCHOOL,1,0,0,0.52,1.08,2.46,2.53,0.0,14,2,7,0,6,2,4,1,0
HONG WEN SCHOOL,30 TOWNER ROAD   ,327829,CO-ED SCHOOL,1,0,0,0.54,0.5,0.83,1.98,0.0,24,1,6,0,6,0,5,0,0
HORIZON PRIMARY SCHOOL,61 Edgedale Plains   ,828819,CO-ED SCHOOL,0,0,0,0.55,1.14,0.7,1.73,0.0,29,1,6,1,7,1,2,0,0
HOUGANG PRIMARY SCHOOL,1 HOUGANG ST 93   ,534238,CO-ED SCHOOL,0,0,0,0.59,0.28,0.47,1.35,0.0,29,2,7,0,6,1,8,0,0
HUAMIN PRIMARY SCHOOL,21 YISHUN AVENUE 11   ,768857,CO-ED SCHOOL,0,0,0,0.58,1.03,0.08,1.43,0.0,27,1,7,1,5,1,6,0,0
INNOVA PRIMARY SCHOOL,80 Woodlands Drive 17   ,737888,CO-ED SCHOOL,0,0,0,0.54,0.15,0.28,0.72,0.19,32,1,3,0,4,2,4,0,0
JIEMIN PRIMARY SCHOOL,2 YISHUN STREET 71   ,768515,CO-ED SCHOOL,0,0,0,0.51,0.27,0.01,0.49,0.67,22,1,3,0,4,1,6,0,0
JING SHAN PRIMARY SCHOOL,5 ANG MO KIO ST 52   ,569228,CO-ED SCHOOL,0,0,0,0.58,1.13,0.02,0.99,0.62,22,1,4,0,4,1,3,0,0
JUNYUAN PRIMARY SCHOOL,2 Tampines Street 91   ,528906,CO-ED SCHOOL,0,0,0,0.5,0.81,0.0,0.89,1.24,24,2,5,1,4,1,4,0,0
JURONG PRIMARY SCHOOL,320 JURONG EAST Street 32   ,609476,CO-ED SCHOOL,0,0,0,0.47,0.31,0.0,0.5,0.97,30,4,3,0,5,1,4,0,0
JURONG WEST PRIMARY SCHOOL,30 JURONG WEST ST 61   ,648368,CO-ED SCHOOL,0,0,0,0.59,0.92,0.07,1.07,0.74,24,0,2,1,5,1,4,0,0
MEE TOH SCHOOL,21 EDGEDALE PLAINS   ,828867,CO-ED SCHOOL,0,0,0,0.48,0.22,0.82,1.29,0.0,28,1,8,5,5,1,7,1,0
KEMING PRIMARY SCHOOL,90 BUKIT BATOK EAST AVENUE 6   ,659762,CO-ED SCHOOL,0,0,0,0.56,0.64,0.52,1.79,0.0,33,1,5,0,4,3,4,0,0
KHENG CHENG SCHOOL,15 LORONG 3 TOA PAYOH   ,319580,CO-ED SCHOOL,0,0,0,0.39,0.21,0.04,0.89,1.21,27,1,4,0,3,3,3,0,0
KONG HWA SCHOOL,350 GUILLEMARD ROAD   ,399772,CO-ED SCHOOL,1,0,0,0.5,0.7,2.0,1.81,0.0,14,1,6,0,6,2,5,0,0
KRANJI PRIMARY SCHOOL,11 CHOA CHU KANG STREET 54   ,689189,CO-ED SCHOOL,0,0,0,0.44,0.54,0.0,0.23,0.19,22,2,3,0,2,1,2,0,0
KUO CHUAN PRESBYTERIAN PRIMARY SCHOOL,8 BISHAN STREET 13   ,579793,CO-ED SCHOOL,0,0,0,0.57,0.72,1.33,1.48,0.0,29,2,3,2,11,2,5,1,0
LAKESIDE PRIMARY SCHOOL,161 Corporation Walk   ,618310,CO-ED SCHOOL,0,0,0,0.49,0.31,0.02,0.89,1.45,29,1,5,0,4,1,4,0,0
LIANHUA PRIMARY SCHOOL,2 BUKIT BATOK STREET 52   ,659243,CO-ED SCHOOL,0,0,0,0.22,0.08,0.0,0.13,0.27,27,1,4,1,4,1,7,0,0
MAHA BODHI SCHOOL,10 UBI AVENUE 1   ,408931,CO-ED SCHOOL,1,0,0,0.5,0.73,1.24,1.56,0.0,13,1,11,0,4,1,6,1,0
MARIS STELLA HIGH SCHOOL,25 MOUNT VERNON ROAD   ,368051,BOYS' SCHOOL,1,1,0,0.36,0.8,1.48,1.65,0.0,52,1,12,1,14,4,6,1,0
MARSILING PRIMARY SCHOOL,31 WOODLANDS CENTRE ROAD   ,738927,CO-ED SCHOOL,0,0,0,0.44,0.18,0.0,0.71,0.25,29,2,4,0,5,2,4,0,0
MARYMOUNT CONVENT SCHOOL,20 Marymount Road   ,297754,GIRLS' SCHOOL,0,0,0,0.16,0.05,0.13,0.27,0.67,27,1,4,0,6,1,3,0,0
MAYFLOWER PRIMARY SCHOOL,200 Ang Mo Kio Avenue 5   ,569878,CO-ED SCHOOL,0,0,0,0.39,0.31,0.0,0.27,0.58,23,2,3,1,4,3,7,0,0
MERIDIAN PRIMARY SCHOOL,20 PASIR RIS ST 71   ,518798,CO-ED SCHOOL,0,0,0,0.27,0.24,0.0,0.15,0.1,23,2,4,1,4,1,4,0,0
METHODIST GIRLS' SCHOOL (PRIMARY),11 Blackmore Drive   ,599986,GIRLS' SCHOOL,0,0,0,0.43,0.99,2.51,1.54,0.0,28,2,4,2,9,2,6,1,1
MONTFORT JUNIOR SCHOOL,52 HOUGANG AVENUE 8   ,538786,BOYS' SCHOOL,0,0,0,0.27,0.1,0.2,0.2,0.48,25,1,2,0,4,1,2,1,0
NAN CHIAU PRIMARY SCHOOL,50 ANCHORVALE LINK   ,545080,CO-ED SCHOOL,0,0,0,0.54,0.38,2.42,3.07,0.0,24,2,6,2,8,2,4,0,0
NAN HUA PRIMARY SCHOOL,30 Jalan Lempeng   ,128806,CO-ED SCHOOL,1,0,1,0.62,1.49,1.86,4.4,0.0,15,1,8,0,6,2,4,0,0
NANYANG PRIMARY SCHOOL,52 KING'S ROAD   ,268097,CO-ED SCHOOL,1,0,1,0.54,1.21,2.29,1.84,0.0,15,1,8,2,8,4,8,1,1
NAVAL BASE PRIMARY SCHOOL,7 YISHUN AVE 4   ,769028,CO-ED SCHOOL,0,0,0,0.63,1.05,0.05,1.2,0.0,22,2,3,2,6,3,3,0,0
NEW TOWN PRIMARY SCHOOL,300 Tanglin Halt Road   ,148812,CO-ED SCHOOL,0,0,0,0.22,0.06,0.0,0.13,0.24,31,2,3,0,4,2,5,0,0
NGEE ANN PRIMARY SCHOOL,344 MARINE TERRACE   ,449149,CO-ED SCHOOL,0,0,0,0.48,0.31,0.07,1.01,0.74,29,1,4,3,7,2,7,1,0
NORTH SPRING PRIMARY SCHOOL,1 RIVERVALE STREET   ,545088,CO-ED SCHOOL,0,0,0,0.38,0.12,0.0,0.3,0.4,25,1,4,0,3,2,6,0,0
NORTH VIEW PRIMARY SCHOOL,210 YISHUN AVENUE 6   ,768960,CO-ED SCHOOL,0,0,0,0.54,0.72,0.01,1.25,0.74,32,1,3,0,4,3,5,0,0
NORTH VISTA PRIMARY SCHOOL,20 Compassvale Link   ,544974,CO-ED SCHOOL,0,0,0,0.39,0.34,0.01,0.36,0.57,30,2,6,3,5,3,5,0,0
NORTHLAND PRIMARY SCHOOL,15 YISHUN AVENUE 4   ,769026,CO-ED SCHOOL,0,0,0,0.58,0.94,1.07,3.76,0.0,31,2,5,0,7,2,6,0,0
NORTHOAKS PRIMARY SCHOOL,61 Sembawang Drive   ,757622,CO-ED SCHOOL,0,0,0,0.19,0.07,0.0,0.09,0.06,29,1,3,0,4,0,3,0,0
NORTHSHORE PRIMARY SCHOOL,30 Northshore Drive   ,828671,CO-ED SCHOOL,0,0,0,0.37,0.42,0.02,0.87,0.33,18,1,3,0,5,1,3,0,0
OASIS PRIMARY SCHOOL,71 Edgefield Plains   ,828716,CO-ED SCHOOL,0,0,0,0.64,0.85,0.03,0.94,0.38,24,1,4,0,7,1,4,0,0
OPERA ESTATE PRIMARY SCHOOL,48 FIDELIO STREET   ,458436,CO-ED SCHOOL,0,0,0,0.54,0.25,0.02,0.73,0.98,25,1,3,1,4,2,3,0,0
PALM VIEW PRIMARY SCHOOL,150 Compassvale Bow   ,544822,CO-ED SCHOOL,0,0,0,0.5,0.06,0.01,0.51,0.86,28,1,4,1,5,0,3,0,0
PARK VIEW PRIMARY SCHOOL,60 PASIR RIS DRIVE 1   ,519524,CO-ED SCHOOL,0,0,0,0.52,0.17,0.02,0.49,0.72,30,1,6,4,6,1,3,0,0
PASIR RIS PRIMARY SCHOOL,5 PASIR RIS STREET 21   ,518968,CO-ED SCHOOL,0,0,0,0.69,1.0,1.01,1.68,0.0,30,3,4,1,13,0,3,0,0
PAYA LEBAR METHODIST GIRLS' SCHOOL (PRIMARY),298 LORONG AH SOO   ,536741,GIRLS' SCHOOL,0,0,0,0.35,0.48,0.92,1.27,0.0,29,0,5,1,7,1,5,1,0
PEI CHUN PUBLIC SCHOOL,16 LORONG 7 TOA PAYOH   ,319320,CO-ED SCHOOL,1,0,0,0.5,1.0,1.28,1.63,0.0,14,1,6,3,5,2,3,0,0
PEI HWA PRESBYTERIAN PRIMARY SCHOOL,7 PEI WAH AVENUE   ,597610,CO-ED SCHOOL,1,0,0,0.64,1.93,1.78,1.91,0.0,13,2,5,0,5,2,7,0,0
PEI TONG PRIMARY SCHOOL,15 CLEMENTI AVENUE 5   ,129857,CO-ED SCHOOL,0,0,0,0.27,0.19,0.0,0.15,0.42,29,1,4,0,4,3,3,0,0
PEIYING PRIMARY SCHOOL,651 YISHUN RING ROAD   ,768687,CO-ED SCHOOL,0,0,0,0.51,0.3,0.0,0.45,1.44,29,1,4,0,5,2,4,0,0
PIONEER PRIMARY SCHOOL,80 TENGAH GARDEN AVENUE   ,699915,CO-ED SCHOOL,0,0,0,0.0,0.04,0.05,0.58,0.52,33,1,4,1,4,2,2,0,0
POI CHING SCHOOL,21 TAMPINES STREET 71   ,529067,CO-ED SCHOOL,1,0,0,0.52,0.27,0.88,2.19,0.0,15,2,4,0,6,2,4,0,0
PRINCESS ELIZABETH PRIMARY SCHOOL,30 BUKIT BATOK WEST AVENUE 3   ,659163,CO-ED SCHOOL,0,0,0,0.66,2.27,0.84,5.75,0.0,27,1,3,1,4,3,6,0,0
PUNGGOL COVE PRIMARY SCHOOL,52 Sumang Walk   ,828674,CO-ED SCHOOL,0,0,0,0.5,0.49,0.02,0.52,0.82,24,1,3,1,6,1,3,0,0
PUNGGOL GREEN PRIMARY SCHOOL,98 Punggol Walk   ,828772,CO-ED SCHOOL,0,0,0,0.62,1.28,0.15,2.0,0.0,29,1,4,1,3,1,5,0,0
PUNGGOL PRIMARY SCHOOL,61 HOUGANG AVENUE 8   ,538787,CO-ED SCHOOL,0,0,0,0.62,0.61,0.09,1.34,0.0,38,3,5,0,3,2,5,0,0
PUNGGOL VIEW PRIMARY SCHOOL,9 Punggol Place   ,828845,CO-ED SCHOOL,0,0,0,0.55,0.76,0.01,0.67,1.29,29,0,5,0,5,1,3,0,0
QIFA PRIMARY SCHOOL,50 WEST COAST AVENUE   ,128104,CO-ED SCHOOL,0,0,0,0.48,0.4,0.43,1.18,0.0,29,1,3,0,5,2,5,0,0
QIHUA PRIMARY SCHOOL,5 WOODLANDS STREET 81   ,738525,CO-ED SCHOOL,0,0,0,0.41,0.24,0.04,0.37,0.09,23,1,5,0,4,2,5,0,0
QUEENSTOWN PRIMARY SCHOOL,310 MARGARET DR   ,149303,CO-ED SCHOOL,0,0,0,0.5,0.25,0.01,1.0,1.31,30,2,6,0,5,2,5,0,0
RADIN MAS PRIMARY SCHOOL,1 BUKIT PURMEI AVENUE   ,99840,CO-ED SCHOOL,0,0,0,0.55,0.88,0.95,1.74,0.0,29,1,4,2,5,3,3,0,0
RAFFLES GIRLS' PRIMARY SCHOOL,21 Hillcrest Road   ,289072,GIRLS' SCHOOL,0,0,1,0.32,0.4,0.68,1.28,0.0,32,1,5,0,6,2,5,0,1
RED SWASTIKA SCHOOL,350 BEDOK NORTH AVENUE 3   ,469719,CO-ED SCHOOL,1,0,0,0.55,1.24,1.41,1.94,0.0,12,1,3,0,6,2,4,0,0
RIVER VALLEY PRIMARY SCHOOL,2 RIVER VALLEY GREEN   ,237993,CO-ED SCHOOL,0,0,0,0.52,0.59,0.57,1.18,0.0,29,1,4,2,7,3,4,0,0
RIVERSIDE PRIMARY SCHOOL,110 Woodlands Crescent   ,737803,CO-ED SCHOOL,0,0,0,0.61,1.26,0.18,1.45,0.0,29,2,4,0,6,1,4,0,0
UNITY PRIMARY SCHOOL,21 CHOA CHU KANG CRESCENT   ,688268,CO-ED SCHOOL,0,0,0,0.44,0.14,0.0,0.43,0.08,22,2,5,0,5,1,5,0,0
RIVERVALE PRIMARY SCHOOL,80 RIVERVALE DRIVE   ,545092,CO-ED SCHOOL,0,0,0,0.62,0.35,0.42,1.47,0.0,29,1,5,0,7,1,4,0,0
ROSYTH SCHOOL,21 Serangoon North Avenue 4   ,555855,CO-ED SCHOOL,0,0,1,0.63,1.42,1.34,3.2,0.0,25,1,10,0,8,2,6,0,1
RULANG PRIMARY SCHOOL,6 JURONG WEST STREET 52   ,649295,CO-ED SCHOOL,0,0,0,0.6,1.2,1.59,2.59,0.0,29,1,5,1,7,2,4,0,0
SEMBAWANG PRIMARY SCHOOL,10 SEMBAWANG DRIVE   ,757715,CO-ED SCHOOL,0,0,0,0.59,0.65,0.02,1.2,1.12,27,2,4,1,6,1,6,0,0
SENG KANG PRIMARY SCHOOL,21 COMPASSVALE WALK   ,545166,CO-ED SCHOOL,0,0,0,0.37,0.11,0.0,0.14,0.33,23,2,4,0,5,2,3,0,0
SENGKANG GREEN PRIMARY SCHOOL,15 Fernvale Road   ,797636,CO-ED SCHOOL,0,0,0,0.53,1.22,0.83,2.09,0.0,24,1,4,0,4,1,7,0,0
SHUQUN PRIMARY SCHOOL,8 JURONG WEST STREET 51   ,649332,CO-ED SCHOOL,0,0,0,0.57,1.32,0.68,1.65,0.0,22,1,4,1,5,4,3,0,0
SI LING PRIMARY SCHOOL,61 WOODLANDS AVENUE 1   ,739067,CO-ED SCHOOL,0,0,0,0.38,0.16,0.0,0.23,0.06,33,1,3,1,4,1,3,0,0
SINGAPORE CHINESE GIRLS' PRIMARY SCHOOL,190 DUNEARN ROAD   ,309437,GIRLS' SCHOOL,0,0,0,0.42,1.12,1.43,1.52,0.0,19,1,4,0,5,1,8,1,1
SOUTH VIEW PRIMARY SCHOOL,6 Choa Chu Kang Central   ,689762,CO-ED SCHOOL,0,0,0,0.62,1.53,1.39,3.58,0.0,21,1,5,1,5,3,6,0,0
SPRINGDALE PRIMARY SCHOOL,71 Anchorvale Link   ,544799,CO-ED SCHOOL,0,0,0,0.56,0.65,0.01,0.76,1.72,29,1,7,4,6,1,3,0,0
ST. ANDREW'S JUNIOR SCHOOL,2 FRANCIS THOMAS DRIVE   ,359337,BOYS' SCHOOL,0,0,0,0.3,0.5,0.83,1.3,0.0,29,1,4,0,6,2,2,1,0
ST. ANTHONY'S CANOSSIAN PRIMARY SCHOOL,1602 BEDOK NORTH AVE 4   ,469701,GIRLS' SCHOOL,0,0,0,0.2,0.09,0.15,0.22,0.33,30,1,2,0,11,1,4,1,0
ST. ANTHONY'S PRIMARY SCHOOL,30 Bukit Batok St 32   ,659401,CO-ED SCHOOL,0,0,0,0.46,0.45,0.91,1.43,0.0,30,1,5,2,5,2,4,2,0
ST. GABRIEL'S PRIMARY SCHOOL,220 Lorong Chuan   ,556742,BOYS' SCHOOL,0,0,0,0.33,0.29,0.71,0.82,1.86,29,2,6,0,11,1,2,1,0
ST. HILDA'S PRIMARY SCHOOL,2 Tampines Ave 3   ,529706,CO-ED SCHOOL,0,0,1,0.6,1.21,1.72,3.3,0.0,30,1,6,1,7,2,5,1,0
ST. JOSEPH'S INSTITUTION JUNIOR,3 ESSEX ROAD   ,309331,BOYS' SCHOOL,0,0,0,0.34,0.49,1.91,1.27,0.0,26,1,3,0,6,1,3,2,0
ST. MARGARET'S SCHOOL (PRIMARY),136 Sophia Road   ,228197,GIRLS' SCHOOL,0,0,0,0.26,0.29,0.36,0.93,0.35,26,1,4,0,5,2,4,0,0
ST. STEPHEN'S SCHOOL,20 SIGLAP VIEW   ,455789,BOYS' SCHOOL,0,0,0,0.21,0.13,0.31,0.38,0.7,34,1,4,0,6,1,2,2,0
TAMPINES NORTH PRIMARY SCHOOL,30 TAMPINES AVENUE 9   ,529565,CO-ED SCHOOL,0,0,0,0.43,0.14,0.0,0.31,1.06,20,1,2,0,5,2,5,0,0
TAMPINES PRIMARY SCHOOL,250 TAMPINES STREET 12   ,529426,CO-ED SCHOOL,0,0,0,0.48,0.6,0.03,0.88,2.21,32,2,3,0,4,2,6,0,0
TANJONG KATONG PRIMARY SCHOOL,10 Seraya Road   ,437259,CO-ED SCHOOL,0,0,0,0.57,0.82,0.47,1.36,0.0,29,1,4,0,5,1,5,0,0
TAO NAN SCHOOL,49 MARINE CRESCENT   ,449761,CO-ED SCHOOL,1,0,1,0.54,1.02,2.7,1.81,0.0,15,1,4,0,8,4,6,0,0
TECK GHEE PRIMARY SCHOOL,1 ANG MO KIO STREET 32   ,569299,CO-ED SCHOOL,0,0,0,0.51,0.23,0.1,0.73,1.08,24,1,4,0,4,2,5,0,0
TECK WHYE PRIMARY SCHOOL,11 TECK WHYE WALK   ,688261,CO-ED SCHOOL,0,0,0,0.32,0.15,0.01,0.15,0.27,29,1,4,1,5,1,2,0,0
TELOK KURAU PRIMARY SCHOOL,50 BEDOK RESERVOIR RD   ,479239,CO-ED SCHOOL,0,0,0,0.44,0.32,0.02,0.53,0.67,25,1,6,0,4,3,5,0,0
TEMASEK PRIMARY SCHOOL,501 BEDOK SOUTH AVE 3   ,469300,CO-ED SCHOOL,0,0,0,0.61,1.71,0.51,2.26,0.0,27,1,5,0,5,2,3,0,0
TOWNSVILLE PRIMARY SCHOOL,3 ANG MO KIO AVE 10   ,569730,CO-ED SCHOOL,0,0,0,0.33,0.16,0.03,0.2,0.16,25,1,3,0,4,2,4,0,0
WATERWAY PRIMARY SCHOOL,70 Punggol Drive   ,828802,CO-ED SCHOOL,0,0,0,0.56,0.77,0.02,1.07,0.17,24,1,6,0,4,1,3,0,0
WELLINGTON PRIMARY SCHOOL,10 WELLINGTON CIRCLE   ,757702,CO-ED SCHOOL,0,0,0,0.6,1.08,0.59,2.18,0.0,29,1,5,0,5,1,7,0,0
WEST GROVE PRIMARY SCHOOL,1 JURONG WEST ST 72   ,649223,CO-ED SCHOOL,0,0,0,0.43,0.11,0.06,0.42,0.62,30,1,5,0,4,4,4,0,0
WEST SPRING PRIMARY SCHOOL,60 Bukit Panjang Ring Road   ,679946,CO-ED SCHOOL,0,0,0,0.61,1.01,0.03,1.15,0.22,29,2,5,0,6,1,3,0,0
WEST VIEW PRIMARY SCHOOL,31 SENJA ROAD   ,677742,CO-ED SCHOOL,0,0,0,0.51,0.66,0.02,0.5,0.62,24,1,2,0,4,1,4,0,0
WESTWOOD PRIMARY SCHOOL,1 Jurong West Street 73   ,649188,CO-ED SCHOOL,0,0,0,0.54,1.1,0.49,1.53,0.0,29,2,4,0,4,2,5,0,0
WHITE SANDS PRIMARY SCHOOL,2 PASIR RIS ST 11   ,519075,CO-ED SCHOOL,0,0,0,0.57,0.33,0.19,1.01,0.85,24,1,4,0,4,1,5,0,0
WOODGROVE PRIMARY SCHOOL,2 WOODLANDS DRIVE 14   ,738079,CO-ED SCHOOL,0,0,0,0.56,0.3,0.19,1.0,0.53,29,2,5,0,5,2,7,0,0
WOODLANDS PRIMARY SCHOOL,10 WOODLANDS DRIVE 50   ,738853,CO-ED SCHOOL,0,0,0,0.56,0.41,0.29,0.99,0.92,26,4,11,0,7,1,6,0,0
WOODLANDS RING PRIMARY SCHOOL,11 WOODLANDS RING ROAD   ,738240,CO-ED SCHOOL,0,0,0,0.54,0.25,0.01,0.51,0.26,21,0,4,1,4,1,6,0,0
XINGHUA PRIMARY SCHOOL,45 HOUGANG AVENUE 1   ,538882,CO-ED SCHOOL,0,0,0,0.21,0.07,0.0,0.19,0.32,25,1,4,1,6,2,4,0,0
XINGNAN PRIMARY SCHOOL,5 JURONG WEST STREET 91   ,649036,CO-ED SCHOOL,0,0,0,0.43,0.23,0.01,0.39,0.25,30,1,6,1,4,1,6,0,0
XINMIN PRIMARY SCHOOL,9 HOUGANG AVENUE 8   ,538784,CO-ED SCHOOL,0,0,0,0.55,0.84,0.96,1.7,0.0,29,1,3,1,4,3,4,0,0
XISHAN PRIMARY SCHOOL,8 YISHUN STREET 21   ,768611,CO-ED SCHOOL,0,0,0,0.48,0.23,0.02,0.51,1.56,22,1,4,0,5,2,7,0,0
YANGZHENG PRIMARY SCHOOL,15 SERANGOON AVENUE 3   ,556108,CO-ED SCHOOL,0,0,0,0.68,1.5,0.59,1.71,0.0,29,1,3,0,4,2,4,0,0
YEW TEE PRIMARY SCHOOL,10 CHOA CHU KANG ST 64   ,689100,CO-ED SCHOOL,0,0,0,0.43,0.08,0.03,0.46,0.36,27,1,7,0,5,1,3,0,0
YIO CHU KANG PRIMARY SCHOOL,1 HOUGANG STREET 51   ,538720,CO-ED SCHOOL,0,0,0,0.43,0.09,0.0,0.21,0.85,29,2,2,1,4,2,7,0,0
YISHUN PRIMARY SCHOOL,500 YISHUN RING ROAD   ,768679,CO-ED SCHOOL,0,0,0,0.43,0.35,0.01,0.38,0.9,21,2,5,1,3,1,5,0,0
YU NENG PRIMARY SCHOOL,56 BEDOK NORTH ST 3   ,469623,CO-ED SCHOOL,0,0,0,0.63,1.09,0.62,1.45,0.0,21,1,5,2,4,1,4,0,0
YUHUA PRIMARY SCHOOL,158 JURONG EAST STREET 24   ,609558,CO-ED SCHOOL,0,0,0,0.29,0.11,0.01,0.14,0.17,23,2,4,0,7,1,6,0,0
YUMIN PRIMARY SCHOOL,3 TAMPINES STREET 21   ,529393,CO-ED SCHOOL,0,0,0,0.34,0.09,0.0,0.08,0.44,23,1,3,0,3,2,4,0,0
ZHANGDE PRIMARY SCHOOL,51 Jalan Membina   ,169485,CO-ED SCHOOL,0,0,0,0.58,0.33,0.02,0.97,1.57,29,1,1,0,8,2,2,0,0
ZHENGHUA PRIMARY SCHOOL,9 Fajar Road   ,679002,CO-ED SCHOOL,0,0,0,0.52,0.8,0.02,0.73,1.34,25,2,3,0,4,2,6,0,0
ZHONGHUA PRIMARY SCHOOL,12 SERANGOON AVENUE 4   ,556095,CO-ED SCHOOL,0,0,0,0.29,0.07,0.01,0.1,0.28,23,1,3,0,3,1,4,0,0
