school_name,address,postal_code,nature_code,sap_ind,autonomous_ind,gifted_ind,P1_demand,P2A_demand,P2B_demand,P2C_demand,P2CS_demand,subject_count,distprog_count,cca_clubs,cca_others,cca_sports,cca_uniformed,cca_arts,affiliation_count,top_psle_score,school_score_raw,school_score,school_tier
NANYANG PRIMARY SCHOOL,52 KING'S ROAD   ,268097,CO-ED SCHOOL,1,0,1,0.54,1.21,2.29,1.84,0.0,15,1,8,2,8,4,8,1,1,1.8182171953752813,4.2037636294077165,Tier 1
CATHOLIC HIGH SCHOOL,9 BISHAN STREET 22   ,579767,BOYS' SCHOOL,1,1,1,0.4,1.29,1.81,1.48,0.0,48,2,3,0,17,5,8,1,1,1.7899364717784942,4.1383778891496785,Tier 1
CHIJ ST. NICHOLAS GIRLS' SCHOOL,501 ANG MO KIO STREET 13   ,569405,GIRLS' SCHOOL,1,1,0,0.45,1.29,2.19,1.73,0.0,46,1,11,0,8,4,11,1,1,1.675686825533786,3.8742298496427305,Tier 1
TAO NAN SCHOOL,49 MARINE CRESCENT   ,449761,CO-ED SCHOOL,1,0,1,0.54,1.02,2.7,1.81,0.0,15,1,4,0,8,4,6,0,0,1.3279779137363996,3.0703181493504585,Tier 1
NAN HUA PRIMARY SCHOOL,30 Jalan Lempeng   ,128806,CO-ED SCHOOL,1,0,1,0.62,1.49,1.86,4.4,0.0,15,1,8,0,6,2,4,0,0,1.2825658341950679,2.965324285692592,Tier 1
AI TONG SCHOOL,100 Bright Hill Drive   ,579646,CO-ED SCHOOL,1,0,0,0.53,1.19,2.67,1.98,0.0,14,1,4,0,6,2,5,0,1,1.2816565804237767,2.963222068232886,Tier 1
ANGLO-CHINESE SCHOOL (PRIMARY),50 BARKER ROAD   ,309918,BOYS' SCHOOL,0,0,1,0.35,0.77,1.73,1.32,0.0,32,1,7,0,18,2,2,2,1,1.1085756472049337,2.5630546218684036,Tier 1
MARIS STELLA HIGH SCHOOL,25 MOUNT VERNON ROAD   ,368051,BOYS' SCHOOL,1,1,0,0.36,0.8,1.48,1.65,0.0,52,1,12,1,14,4,6,1,0,1.093141908282946,2.5273714314822104,Tier 1
ROSYTH SCHOOL,21 Serangoon North Avenue 4   ,555855,CO-ED SCHOOL,0,0,1,0.63,1.42,1.34,3.2,0.0,25,1,10,0,8,2,6,0,1,1.0653822115879408,2.4631903184520003,Tier 1
HOLY INNOCENTS' PRIMARY SCHOOL,5 Lorong Low Koon   ,536451,CO-ED SCHOOL,1,0,0,0.52,1.08,2.46,2.53,0.0,14,2,7,0,6,2,4,1,0,1.043250172119449,2.4120204896774684,Tier 1
PEI HWA PRESBYTERIAN PRIMARY SCHOOL,7 PEI WAH AVENUE   ,597610,CO-ED SCHOOL,1,0,0,0.64,1.93,1.78,1.91,0.0,13,2,5,0,5,2,7,0,0,0.8895236333214293,2.056600887268271,Tier 1
HENRY PARK PRIMARY SCHOOL,1 HOLLAND GROVE ROAD   ,278790,CO-ED SCHOOL,0,0,1,0.52,0.99,1.18,1.6,0.0,24,1,5,0,10,3,5,0,1,0.8624997869420098,1.994121078571347,Tier 1
METHODIST GIRLS' SCHOOL (PRIMARY),11 Blackmore Drive   ,599986,GIRLS' SCHOOL,0,0,0,0.43,0.99,2.51,1.54,0.0,28,2,4,2,9,2,6,1,1,0.8468191119836697,1.9578669658932248,Tier 1
MAHA BODHI SCHOOL,10 UBI AVENUE 1   ,408931,CO-ED SCHOOL,1,0,0,0.5,0.73,1.24,1.56,0.0,13,1,11,0,4,1,6,1,0,0.795643414051772,1.839547472367995,Tier 1
ST. HILDA'S PRIMARY SCHOOL,2 Tampines Ave 3   ,529706,CO-ED SCHOOL,0,0,1,0.6,1.21,1.72,3.3,0.0,30,1,6,1,7,2,5,1,0,0.7921874826366058,1.8315572725031186,Tier 1
KONG HWA SCHOOL,350 GUILLEMARD ROAD   ,399772,CO-ED SCHOOL,1,0,0,0.5,0.7,2.0,1.81,0.0,14,1,6,0,6,2,5,0,0,0.7846774478088958,1.8141938841551186,Tier 1
RED SWASTIKA SCHOOL,350 BEDOK NORTH AVENUE 3   ,469719,CO-ED SCHOOL,1,0,0,0.55,1.24,1.41,1.94,0.0,12,1,3,0,6,2,4,0,0,0.6738520654104461,1.5579628283017246,Tier 1
SINGAPORE CHINESE GIRLS' PRIMARY SCHOOL,190 DUNEARN ROAD   ,309437,GIRLS' SCHOOL,0,0,0,0.42,1.12,1.43,1.52,0.0,19,1,4,0,5,1,8,1,1,0.6452965305008824,1.4919417174155032,Tier 1
PEI CHUN PUBLIC SCHOOL,16 LORONG 7 TOA PAYOH   ,319320,CO-ED SCHOOL,1,0,0,0.5,1.0,1.28,1.63,0.0,14,1,6,3,5,2,3,0,0,0.6331451106390329,1.463847330787308,Tier 1
RAFFLES GIRLS' PRIMARY SCHOOL,21 Hillcrest Road   ,289072,GIRLS' SCHOOL,0,0,1,0.32,0.4,0.68,1.28,0.0,32,1,5,0,6,2,5,0,1,0.6092370685438218,1.40857133952189,Tier 1
ANGLO-CHINESE SCHOOL (JUNIOR),16 WINSTEDT ROAD   ,227988,BOYS' SCHOOL,0,0,0,0.36,0.78,1.85,1.33,0.0,24,2,5,0,28,2,5,2,0,0.5397277954766754,1.2478641617603636,Tier 1
POI CHING SCHOOL,21 TAMPINES STREET 71   ,529067,CO-ED SCHOOL,1,0,0,0.52,0.27,0.88,2.19,0.0,15,2,4,0,6,2,4,0,0,0.49218625179611125,1.1379469237545907,Tier 1
HONG WEN SCHOOL,30 TOWNER ROAD   ,327829,CO-ED SCHOOL,1,0,0,0.54,0.5,0.83,1.98,0.0,24,1,6,0,6,0,5,0,0,0.4754519088768692,1.0992567043985766,Tier 1
PRINCESS ELIZABETH PRIMARY SCHOOL,30 BUKIT BATOK WEST AVENUE 3   ,659163,CO-ED SCHOOL,0,0,0,0.66,2.27,0.84,5.75,0.0,27,1,3,1,4,3,6,0,0,0.40163793359971744,0.9285969474667072,Tier 2
NAN CHIAU PRIMARY SCHOOL,50 ANCHORVALE LINK   ,545080,CO-ED SCHOOL,0,0,0,0.54,0.38,2.42,3.07,0.0,24,2,6,2,8,2,4,0,0,0.3950569403276998,0.913381526430842,Tier 2
FAIRFIELD METHODIST SCHOOL (PRIMARY),100 DOVER ROAD   ,139648,CO-ED SCHOOL,0,0,0,0.55,1.05,1.8,1.8,0.0,32,1,4,0,5,3,4,1,0,0.38755211052507166,0.8960301722310091,Tier 2
SOUTH VIEW PRIMARY SCHOOL,6 Choa Chu Kang Central   ,689762,CO-ED SCHOOL,0,0,0,0.62,1.53,1.39,3.58,0.0,21,1,5,1,5,3,6,0,0,0.3862484725958721,0.8930161287346521,Tier 2
CHONGFU SCHOOL,170 YISHUN AVENUE 6   ,768959,CO-ED SCHOOL,0,0,0,0.56,0.91,1.94,2.75,0.0,24,1,5,0,6,3,5,0,0,0.3758852383863383,0.8690560720572207,Tier 2
CHIJ PRIMARY (TOA PAYOH),628 Lorong 1 Toa Payoh   ,319765,GIRLS' SCHOOL,0,0,0,0.38,0.85,1.93,1.49,0.0,26,1,4,0,14,1,6,1,0,0.36702078595221865,0.8485612363291516,Tier 2
ST. JOSEPH'S INSTITUTION JUNIOR,3 ESSEX ROAD   ,309331,BOYS' SCHOOL,0,0,0,0.34,0.49,1.91,1.27,0.0,26,1,3,0,6,1,3,2,0,0.3229199726376223,0.7465990529823292,Tier 2
RULANG PRIMARY SCHOOL,6 JURONG WEST STREET 52   ,649295,CO-ED SCHOOL,0,0,0,0.6,1.2,1.59,2.59,0.0,29,1,5,1,7,2,4,0,0,0.285422452557996,0.6599038487434409,Tier 2
KUO CHUAN PRESBYTERIAN PRIMARY SCHOOL,8 BISHAN STREET 13   ,579793,CO-ED SCHOOL,0,0,0,0.57,0.72,1.33,1.48,0.0,29,2,3,2,11,2,5,1,0,0.2452567175583927,0.5670396648773817,Tier 2
NORTHLAND PRIMARY SCHOOL,15 YISHUN AVENUE 4   ,769026,CO-ED SCHOOL,0,0,0,0.58,0.94,1.07,3.76,0.0,31,2,5,0,7,2,6,0,0,0.22829280300415725,0.5278186701596651,Tier 2
ST. ANTHONY'S PRIMARY SCHOOL,30 Bukit Batok St 32   ,659401,CO-ED SCHOOL,0,0,0,0.46,0.45,0.91,1.43,0.0,30,1,5,2,5,2,4,2,0,0.22552642332828773,0.5214227311617652,Tier 2
GONGSHANG PRIMARY SCHOOL,1 TAMPINES STREET 42   ,529176,CO-ED SCHOOL,0,0,0,0.62,2.65,0.85,2.47,0.0,27,1,5,0,5,1,2,0,0,0.20870702835493968,0.4825358693295021,Tier 2
ADMIRALTY PRIMARY SCHOOL,11 WOODLANDS CIRCLE   ,738907,CO-ED SCHOOL,0,0,0,0.59,0.59,1.22,1.84,0.0,24,2,5,0,5,2,6,0,0,0.1458011716850901,0.33709595543028964,Tier 2
MEE TOH SCHOOL,21 EDGEDALE PLAINS   ,828867,CO-ED SCHOOL,0,0,0,0.48,0.22,0.82,1.29,0.0,28,1,8,5,5,1,7,1,0,0.137903341239608,0.31883597391521334,Tier 2
SHUQUN PRIMARY SCHOOL,8 JURONG WEST STREET 51   ,649332,CO-ED SCHOOL,0,0,0,0.57,1.32,0.68,1.65,0.0,22,1,4,1,5,4,3,0,0,0.11709367810630536,0.2707235123003353,Tier 2
SENGKANG GREEN PRIMARY SCHOOL,15 Fernvale Road   ,797636,CO-ED SCHOOL,0,0,0,0.53,1.22,0.83,2.09,0.0,24,1,4,0,4,1,7,0,0,0.10056223869405889,0.2325024109271216,Tier 2
PAYA LEBAR METHODIST GIRLS' SCHOOL (PRIMARY),298 LORONG AH SOO   ,536741,GIRLS' SCHOOL,0,0,0,0.35,0.48,0.92,1.27,0.0,29,0,5,1,7,1,5,1,0,0.09781219982016298,0.22614425227206889,Tier 2
BUKIT PANJANG PRIMARY SCHOOL,109 CASHEW ROAD   ,679676,CO-ED SCHOOL,0,0,0,0.57,0.85,0.88,1.65,0.0,25,1,5,1,7,2,5,0,0,0.09457870347768176,0.21866832785835225,Tier 2
TEMASEK PRIMARY SCHOOL,501 BEDOK SOUTH AVE 3   ,469300,CO-ED SCHOOL,0,0,0,0.61,1.71,0.51,2.26,0.0,27,1,5,0,5,2,3,0,0,0.0940314064362569,0.21740296341065252,Tier 2
ANDERSON PRIMARY SCHOOL,19 ANG MO KIO AVE 9   ,569785,CO-ED SCHOOL,0,0,0,0.57,0.63,0.73,1.27,0.0,30,1,4,0,4,2,11,0,0,0.0889213109237686,0.20558829478204343,Tier 2
RADIN MAS PRIMARY SCHOOL,1 BUKIT PURMEI AVENUE   ,99840,CO-ED SCHOOL,0,0,0,0.55,0.88,0.95,1.74,0.0,29,1,4,2,5,3,3,0,0,0.08537786906936982,0.19739576859302116,Tier 2
XINMIN PRIMARY SCHOOL,9 HOUGANG AVENUE 8   ,538784,CO-ED SCHOOL,0,0,0,0.55,0.84,0.96,1.7,0.0,29,1,3,1,4,3,4,0,0,0.07672687061275296,0.17739444379943284,Tier 2
WELLINGTON PRIMARY SCHOOL,10 WELLINGTON CIRCLE   ,757702,CO-ED SCHOOL,0,0,0,0.6,1.08,0.59,2.18,0.0,29,1,5,0,5,1,7,0,0,0.07032631811331927,0.16259620634261432,Tier 2
FRONTIER PRIMARY SCHOOL,20 Jurong West Street 61   ,648200,CO-ED SCHOOL,0,0,0,0.54,1.21,0.84,1.71,0.0,24,1,3,1,5,2,4,0,0,0.06352121026263131,0.14686262679574702,Tier 2
YANGZHENG PRIMARY SCHOOL,15 SERANGOON AVENUE 3   ,556108,CO-ED SCHOOL,0,0,0,0.68,1.5,0.59,1.71,0.0,29,1,3,0,4,2,4,0,0,0.053337588318966116,0.12331783816911533,Tier 2
PASIR RIS PRIMARY SCHOOL,5 PASIR RIS STREET 21   ,518968,CO-ED SCHOOL,0,0,0,0.69,1.0,1.01,1.68,0.0,30,3,4,1,13,0,3,0,0,0.044238479202957606,0.10228047032374422,Tier 2
ST. ANDREW'S JUNIOR SCHOOL,2 FRANCIS THOMAS DRIVE   ,359337,BOYS' SCHOOL,0,0,0,0.3,0.5,0.83,1.3,0.0,29,1,4,0,6,2,2,1,0,0.037164285499920735,0.08592475755639604,Tier 2
HORIZON PRIMARY SCHOOL,61 Edgedale Plains   ,828819,CO-ED SCHOOL,0,0,0,0.55,1.14,0.7,1.73,0.0,29,1,6,1,7,1,2,0,0,0.01908121420181444,0.04411624445668583,Tier 2
DE LA SALLE SCHOOL,11 Choa Chu Kang St 52   ,689285,CO-ED SCHOOL,0,0,0,0.47,0.15,0.22,0.81,1.39,29,1,6,0,5,2,3,2,0,0.01860697625931447,0.043019794472912,Tier 2
YU NENG PRIMARY SCHOOL,56 BEDOK NORTH ST 3   ,469623,CO-ED SCHOOL,0,0,0,0.63,1.09,0.62,1.45,0.0,21,1,5,2,4,1,4,0,0,0.008289139670149598,0.019164698229170295,Tier 2
KEMING PRIMARY SCHOOL,90 BUKIT BATOK EAST AVENUE 6   ,659762,CO-ED SCHOOL,0,0,0,0.56,0.64,0.52,1.79,0.0,33,1,5,0,4,3,4,0,0,0.007041835373879447,0.016280899501052878,Tier 2
WESTWOOD PRIMARY SCHOOL,1 Jurong West Street 73   ,649188,CO-ED SCHOOL,0,0,0,0.54,1.1,0.49,1.53,0.0,29,2,4,0,4,2,5,0,0,-0.00501351648754527,-0.011591375507494653,Tier 3
RIVER VALLEY PRIMARY SCHOOL,2 RIVER VALLEY GREEN   ,237993,CO-ED SCHOOL,0,0,0,0.52,0.59,0.57,1.18,0.0,29,1,4,2,7,3,4,0,0,-0.01649041602996951,-0.03812625428739259,Tier 3
HOUGANG PRIMARY SCHOOL,1 HOUGANG ST 93   ,534238,CO-ED SCHOOL,0,0,0,0.59,0.28,0.47,1.35,0.0,29,2,7,0,6,1,8,0,0,-0.017643251841039577,-0.040791639515066015,Tier 3
ST. GABRIEL'S PRIMARY SCHOOL,220 Lorong Chuan   ,556742,BOYS' SCHOOL,0,0,0,0.33,0.29,0.71,0.82,1.86,29,2,6,0,11,1,2,1,0,-0.03961336654514331,-0.09158709418458606,Tier 3
CHIJ OUR LADY OF THE NATIVITY,1257 UPPER SERANGOON ROAD   ,534793,GIRLS' SCHOOL,0,0,0,0.34,0.2,0.86,1.07,0.0,21,1,2,1,4,1,3,1,0,-0.04218826353926649,-0.09754032043329731,Tier 3
NGEE ANN PRIMARY SCHOOL,344 MARINE TERRACE   ,449149,CO-ED SCHOOL,0,0,0,0.48,0.31,0.07,1.01,0.74,29,1,4,3,7,2,7,1,0,-0.042830084741861146,-0.0990242271056755,Tier 3
HUAMIN PRIMARY SCHOOL,21 YISHUN AVENUE 11   ,768857,CO-ED SCHOOL,0,0,0,0.58,1.03,0.08,1.43,0.0,27,1,7,1,5,1,6,0,0,-0.04556379315260015,-0.10534462932148377,Tier 3
WOODLANDS PRIMARY SCHOOL,10 WOODLANDS DRIVE 50   ,738853,CO-ED SCHOOL,0,0,0,0.56,0.41,0.29,0.99,0.92,26,4,11,0,7,1,6,0,0,-0.04594110916366894,-0.1062169933757665,Tier 3
PUNGGOL GREEN PRIMARY SCHOOL,98 Punggol Walk   ,828772,CO-ED SCHOOL,0,0,0,0.62,1.28,0.15,2.0,0.0,29,1,4,1,3,1,5,0,0,-0.055569867746623626,-0.12847892403527597,Tier 3
TANJONG KATONG PRIMARY SCHOOL,10 Seraya Road   ,437259,CO-ED SCHOOL,0,0,0,0.57,0.82,0.47,1.36,0.0,29,1,4,0,5,1,5,0,0,-0.062071027465473196,-0.14350976789957542,Tier 3
CHUA CHU KANG PRIMARY SCHOOL,20 CHOA CHU KANG AVENUE 2   ,689905,CO-ED SCHOOL,0,0,0,0.59,0.54,0.58,1.68,0.0,30,2,3,0,4,1,6,0,0,-0.06506874350978172,-0.1504405623670401,Tier 3
CHONGZHENG PRIMARY SCHOOL,1 TAMPINES STREET 21   ,529392,CO-ED SCHOOL,0,0,0,0.52,0.56,0.24,1.21,0.0,24,1,5,0,4,2,6,0,0,-0.07673995365069568,-0.17742469211036374,Tier 3
RIVERSIDE PRIMARY SCHOOL,110 Woodlands Crescent   ,737803,CO-ED SCHOOL,0,0,0,0.61,1.26,0.18,1.45,0.0,29,2,4,0,6,1,4,0,0,-0.08343530513164726,-0.19290451218538843,Tier 3
GEYLANG METHODIST SCHOOL (PRIMARY),4 Geylang East Central   ,389706,CO-ED SCHOOL,0,0,0,0.46,0.27,0.11,0.93,0.55,29,2,4,0,6,2,5,1,0,-0.08404199030699212,-0.19430718348401135,Tier 3
CANBERRA PRIMARY SCHOOL,21 ADMIRALTY DRIVE   ,757714,CO-ED SCHOOL,0,0,0,0.51,0.2,0.46,1.18,0.0,25,2,6,1,9,2,3,0,0,-0.08739873338401478,-0.20206805743039458,Tier 3
ST. STEPHEN'S SCHOOL,20 SIGLAP VIEW   ,455789,BOYS' SCHOOL,0,0,0,0.21,0.13,0.31,0.38,0.7,34,1,4,0,6,1,2,2,0,-0.08991070301793967,-0.20787579404851106,Tier 3
FENGSHAN PRIMARY SCHOOL,307 BEDOK NORTH ROAD   ,469680,CO-ED SCHOOL,0,0,0,0.56,0.79,0.04,1.13,0.62,23,1,2,1,5,4,5,0,0,-0.0910549036807225,-0.2105212145973789,Tier 3
NAVAL BASE PRIMARY SCHOOL,7 YISHUN AVE 4   ,769028,CO-ED SCHOOL,0,0,0,0.63,1.05,0.05,1.2,0.0,22,2,3,2,6,3,3,0,0,-0.09133312595138374,-0.21116447144550016,Tier 3
RIVERVALE PRIMARY SCHOOL,80 RIVERVALE DRIVE   ,545092,CO-ED SCHOOL,0,0,0,0.62,0.35,0.42,1.47,0.0,29,1,5,0,7,1,4,0,0,-0.09589504185601014,-0.22171173511073397,Tier 3
CHIJ (KELLOCK),1 Bukit Teresa Road   ,99757,GIRLS' SCHOOL,0,0,0,0.33,0.14,0.24,0.46,0.5,30,1,8,0,6,1,3,1,0,-0.10316752577236553,-0.2385258998105224,Tier 3
VALOUR PRIMARY SCHOOL,49 Punggol Central   ,828728,CO-ED SCHOOL,0,0,0,0.57,0.82,0.06,1.32,0.0,29,1,3,0,5,3,4,0,0,-0.10451965241626594,-0.24165205042797297,Tier 3
QIFA PRIMARY SCHOOL,50 WEST COAST AVENUE   ,128104,CO-ED SCHOOL,0,0,0,0.48,0.4,0.43,1.18,0.0,29,1,3,0,5,2,5,0,0,-0.11124797649614107,-0.2572081039763552,Tier 3
WOODGROVE PRIMARY SCHOOL,2 WOODLANDS DRIVE 14   ,738079,CO-ED SCHOOL,0,0,0,0.56,0.3,0.19,1.0,0.53,29,2,5,0,5,2,7,0,0,-0.11474466117082018,-0.2652925263964663,Tier 3
CHIJ (KATONG) PRIMARY,17 MARTIA ROAD   ,424821,GIRLS' SCHOOL,0,0,0,0.3,0.32,0.39,0.53,0.86,27,1,4,0,8,1,3,1,0,-0.11771500286138697,-0.27216003067344613,Tier 3
CANOSSA CATHOLIC PRIMARY SCHOOL,1 Sallim Road   ,387621,CO-ED SCHOOL,0,0,0,0.67,0.25,0.6,0.76,1.32,22,1,2,0,4,2,5,0,0,-0.12128954814145448,-0.2804244687605127,Tier 3
ALEXANDRA PRIMARY SCHOOL,2A Prince Charles Crescent   ,159016,CO-ED SCHOOL,0,0,0,0.48,0.53,0.13,1.21,0.0,22,1,6,0,7,1,5,0,0,-0.12436589358213576,-0.2875370563589162,Tier 3
PUNGGOL PRIMARY SCHOOL,61 HOUGANG AVENUE 8   ,538787,CO-ED SCHOOL,0,0,0,0.62,0.61,0.09,1.34,0.0,38,3,5,0,3,2,5,0,0,-0.12884388246424727,-0.2978902786490767,Tier 3
NORTH VIEW PRIMARY SCHOOL,210 YISHUN AVENUE 6   ,768960,CO-ED SCHOOL,0,0,0,0.54,0.72,0.01,1.25,0.74,32,1,3,0,4,3,5,0,0,-0.13563058659837712,-0.3135813083429838,Tier 3
COMPASSVALE PRIMARY SCHOOL,21 COMPASSVALE ST   ,545091,CO-ED SCHOOL,0,0,0,0.57,0.19,0.42,1.28,0.0,25,2,4,0,5,1,5,0,0,-0.13779644027404725,-0.3185888162092384,Tier 3
WEST SPRING PRIMARY SCHOOL,60 Bukit Panjang Ring Road   ,679946,CO-ED SCHOOL,0,0,0,0.61,1.01,0.03,1.15,0.22,29,2,5,0,6,1,3,0,0,-0.1514469823318545,-0.35014921084760636,Tier 3
TELOK KURAU PRIMARY SCHOOL,50 BEDOK RESERVOIR RD   ,479239,CO-ED SCHOOL,0,0,0,0.44,0.32,0.02,0.53,0.67,25,1,6,0,4,3,5,0,0,-0.15764428995917337,-0.36447754107693137,Tier 3
CHIJ OUR LADY OF GOOD COUNSEL,2C Burghley Drive   ,558979,GIRLS' SCHOOL,0,0,0,0.36,0.24,0.37,0.48,0.94,26,1,3,0,4,1,3,1,0,-0.15803011779119808,-0.3653695846741452,Tier 3
OASIS PRIMARY SCHOOL,71 Edgefield Plains   ,828716,CO-ED SCHOOL,0,0,0,0.64,0.85,0.03,0.94,0.38,24,1,4,0,7,1,4,0,0,-0.15845164860437902,-0.36634417445672557,Tier 3
FUHUA PRIMARY SCHOOL,65 JURONG EAST STREET 13   ,609647,CO-ED SCHOOL,0,0,0,0.42,0.29,0.01,0.38,0.39,24,2,6,3,6,3,5,0,0,-0.16238690471435846,-0.37544258500394384,Tier 3
CHIJ OUR LADY QUEEN OF PEACE,4 Chestnut Drive   ,679287,GIRLS' SCHOOL,0,0,0,0.33,0.11,0.26,0.6,0.88,29,1,3,0,3,1,5,1,0,-0.1659310824257478,-0.38363681251273213,Tier 3
WATERWAY PRIMARY SCHOOL,70 Punggol Drive   ,828802,CO-ED SCHOOL,0,0,0,0.56,0.77,0.02,1.07,0.17,24,1,6,0,4,1,3,0,0,-0.16711583050735068,-0.38637597970800486,Tier 3
ANGSANA PRIMARY SCHOOL,51 Tampines Street 61   ,528565,CO-ED SCHOOL,0,0,0,0.47,0.76,0.03,1.59,0.71,30,1,3,1,5,2,4,0,0,-0.167177789221865,-0.38651922980555237,Tier 3
JING SHAN PRIMARY SCHOOL,5 ANG MO KIO ST 52   ,569228,CO-ED SCHOOL,0,0,0,0.58,1.13,0.02,0.99,0.62,22,1,4,0,4,1,3,0,0,-0.1713812470429709,-0.3962377294166328,Tier 3
SEMBAWANG PRIMARY SCHOOL,10 SEMBAWANG DRIVE   ,757715,CO-ED SCHOOL,0,0,0,0.59,0.65,0.02,1.2,1.12,27,2,4,1,6,1,6,0,0,-0.1718145706843907,-0.39723958451304064,Tier 3
ELIAS PARK PRIMARY SCHOOL,11 PASIR RIS STREET 52   ,518866,CO-ED SCHOOL,0,0,0,0.73,0.72,0.05,1.58,0.0,31,1,3,0,4,1,3,0,0,-0.17531889796964256,-0.405341676839938,Tier 3
GREENRIDGE PRIMARY SCHOOL,11 JELAPANG ROAD   ,677744,CO-ED SCHOOL,0,0,0,0.54,0.23,0.02,0.28,0.17,23,2,5,1,7,3,4,0,0,-0.1762572481835367,-0.4075111660026455,Tier 3
NORTH VISTA PRIMARY SCHOOL,20 Compassvale Link   ,544974,CO-ED SCHOOL,0,0,0,0.39,0.34,0.01,0.36,0.57,30,2,6,3,5,3,5,0,0,-0.1763205097938938,-0.40765742842796704,Tier 3
WEST GROVE PRIMARY SCHOOL,1 JURONG WEST ST 72   ,649223,CO-ED SCHOOL,0,0,0,0.43,0.11,0.06,0.42,0.62,30,1,5,0,4,4,4,0,0,-0.17748514139496377,-0.41035008581713356,Tier 3
ST. MARGARET'S SCHOOL (PRIMARY),136 Sophia Road   ,228197,GIRLS' SCHOOL,0,0,0,0.26,0.29,0.36,0.93,0.35,26,1,4,0,5,2,4,0,0,-0.1779613791815273,-0.4114511594903985,Tier 3
ZHENGHUA PRIMARY SCHOOL,9 Fajar Road   ,679002,CO-ED SCHOOL,0,0,0,0.52,0.8,0.02,0.73,1.34,25,2,3,0,4,2,6,0,0,-0.17842662588979596,-0.41252682151575837,Tier 3
JURONG WEST PRIMARY SCHOOL,30 JURONG WEST ST 61   ,648368,CO-ED SCHOOL,0,0,0,0.59,0.92,0.07,1.07,0.74,24,0,2,1,5,1,4,0,0,-0.1874146200557598,-0.43330728881763586,Tier 3
HAIG GIRLS' SCHOOL,51 Koon Seng Road   ,427072,GIRLS' SCHOOL,0,0,0,0.34,0.25,0.29,0.88,1.29,29,1,3,0,5,2,6,0,0,-0.19072768673617854,-0.44096718184272204,Tier 3
WHITE SANDS PRIMARY SCHOOL,2 PASIR RIS ST 11   ,519075,CO-ED SCHOOL,0,0,0,0.57,0.33,0.19,1.01,0.85,24,1,4,0,4,1,5,0,0,-0.191225605443309,-0.44211838234657863,Tier 3
CASUARINA PRIMARY SCHOOL,30 PASIR RIS ST 41   ,518935,CO-ED SCHOOL,0,0,0,0.61,0.54,0.01,0.57,0.73,23,1,3,0,5,2,5,0,0,-0.1912808972134302,-0.4422462183019487,Tier 3
QUEENSTOWN PRIMARY SCHOOL,310 MARGARET DR   ,149303,CO-ED SCHOOL,0,0,0,0.5,0.25,0.01,1.0,1.31,30,2,6,0,5,2,5,0,0,-0.19215373520220186,-0.44426424156170913,Tier 3
FERN GREEN PRIMARY SCHOOL,70 Fernvale Link,797538,CO-ED SCHOOL,0,0,0,0.62,0.6,0.04,0.89,0.64,33,1,4,0,5,1,5,0,0,-0.19250146079427516,-0.4450681918272165,Tier 3
MAYFLOWER PRIMARY SCHOOL,200 Ang Mo Kio Avenue 5   ,569878,CO-ED SCHOOL,0,0,0,0.39,0.31,0.0,0.27,0.58,23,2,3,1,4,3,7,0,0,-0.1996937017493048,-0.46169683279353946,Tier 3
SPRINGDALE PRIMARY SCHOOL,71 Anchorvale Link   ,544799,CO-ED SCHOOL,0,0,0,0.56,0.65,0.01,0.76,1.72,29,1,7,4,6,1,3,0,0,-0.2001237106437325,-0.4626910241119995,Tier 3
INNOVA PRIMARY SCHOOL,80 Woodlands Drive 17   ,737888,CO-ED SCHOOL,0,0,0,0.54,0.15,0.28,0.72,0.19,32,1,3,0,4,2,4,0,0,-0.20074744584059578,-0.4641331154867949,Tier 3
XISHAN PRIMARY SCHOOL,8 YISHUN STREET 21   ,768611,CO-ED SCHOOL,0,0,0,0.48,0.23,0.02,0.51,1.56,22,1,4,0,5,2,7,0,0,-0.20548715397351908,-0.4750914392304434,Tier 3
TECK GHEE PRIMARY SCHOOL,1 ANG MO KIO STREET 32   ,569299,CO-ED SCHOOL,0,0,0,0.51,0.23,0.1,0.73,1.08,24,1,4,0,4,2,5,0,0,-0.20686683560084584,-0.4782812976587272,Tier 3
ST. ANTHONY'S CANOSSIAN PRIMARY SCHOOL,1602 BEDOK NORTH AVE 4   ,469701,GIRLS' SCHOOL,0,0,0,0.2,0.09,0.15,0.22,0.33,30,1,2,0,11,1,4,1,0,-0.20821707795128575,-0.4814030917425708,Tier 3
JUNYUAN PRIMARY SCHOOL,2 Tampines Street 91   ,528906,CO-ED SCHOOL,0,0,0,0.5,0.81,0.0,0.89,1.24,24,2,5,1,4,1,4,0,0,-0.20842210513909126,-0.48187711972851704,Tier 3
QIHUA PRIMARY SCHOOL,5 WOODLANDS STREET 81   ,738525,CO-ED SCHOOL,0,0,0,0.41,0.24,0.04,0.37,0.09,23,1,5,0,4,2,5,0,0,-0.21054577863008286,-0.4867871059528664,Tier 3
PUNGGOL VIEW PRIMARY SCHOOL,9 Punggol Place   ,828845,CO-ED SCHOOL,0,0,0,0.55,0.76,0.01,0.67,1.29,29,0,5,0,5,1,3,0,0,-0.2175169527622771,-0.502904634895902,Tier 4
TAMPINES PRIMARY SCHOOL,250 TAMPINES STREET 12   ,529426,CO-ED SCHOOL,0,0,0,0.48,0.6,0.03,0.88,2.21,32,2,3,0,4,2,6,0,0,-0.2177880995722379,-0.5035315331019262,Tier 4
WOODLANDS RING PRIMARY SCHOOL,11 WOODLANDS RING ROAD   ,738240,CO-ED SCHOOL,0,0,0,0.54,0.25,0.01,0.51,0.26,21,0,4,1,4,1,6,0,0,-0.22165043146314223,-0.5124613410308045,Tier 4
XINGNAN PRIMARY SCHOOL,5 JURONG WEST STREET 91   ,649036,CO-ED SCHOOL,0,0,0,0.43,0.23,0.01,0.39,0.25,30,1,6,1,4,1,6,0,0,-0.22624318800539728,-0.5230799090215617,Tier 4
KHENG CHENG SCHOOL,15 LORONG 3 TOA PAYOH   ,319580,CO-ED SCHOOL,0,0,0,0.39,0.21,0.04,0.89,1.21,27,1,4,0,3,3,3,0,0,-0.2370255754849587,-0.5480090585423404,Tier 4
GREENWOOD PRIMARY SCHOOL,11 WOODLANDS  DR  62   ,737942,CO-ED SCHOOL,0,0,0,0.58,0.16,0.03,0.71,0.95,30,1,4,0,4,1,6,0,0,-0.24078163244944015,-0.556693156183388,Tier 4
CORPORATION PRIMARY SCHOOL,31 JURONG WEST STREET 24   ,648347,CO-ED SCHOOL,0,0,0,0.47,0.15,0.02,0.27,0.27,29,1,4,1,4,2,5,0,0,-0.24427651969457584,-0.564773422901441,Tier 4
MARSILING PRIMARY SCHOOL,31 WOODLANDS CENTRE ROAD   ,738927,CO-ED SCHOOL,0,0,0,0.44,0.18,0.0,0.71,0.25,29,2,4,0,5,2,4,0,0,-0.2489185048838965,-0.5755058087554246,Tier 4
GREENDALE PRIMARY SCHOOL,50 Edgedale Plains   ,828848,CO-ED SCHOOL,0,0,0,0.4,0.22,0.0,0.18,0.3,29,2,4,1,6,3,3,0,0,-0.24909895323142842,-0.5759230098479402,Tier 4
NORTH SPRING PRIMARY SCHOOL,1 RIVERVALE STREET   ,545088,CO-ED SCHOOL,0,0,0,0.38,0.12,0.0,0.3,0.4,25,1,4,0,3,2,6,0,0,-0.2492575773533289,-0.5762897527849712,Tier 4
MONTFORT JUNIOR SCHOOL,52 HOUGANG AVENUE 8   ,538786,BOYS' SCHOOL,0,0,0,0.27,0.1,0.2,0.2,0.48,25,1,2,0,4,1,2,1,0,-0.2501628661538166,-0.5783828031330155,Tier 4
ENDEAVOUR PRIMARY SCHOOL,10 Admiralty Link   ,757521,CO-ED SCHOOL,0,0,0,0.38,0.05,0.02,0.35,0.57,30,1,3,1,8,2,6,0,0,-0.2515195800070838,-0.5815195594932484,Tier 4
PEIYING PRIMARY SCHOOL,651 YISHUN RING ROAD   ,768687,CO-ED SCHOOL,0,0,0,0.51,0.3,0.0,0.45,1.44,29,1,4,0,5,2,4,0,0,-0.25292422759971533,-0.5847671398577168,Tier 4
ANG MO KIO PRIMARY SCHOOL,20 ANG MO KIO AVENUE 3   ,569920,CO-ED SCHOOL,0,0,0,0.38,0.31,0.0,0.34,0.25,29,2,4,1,6,2,4,0,0,-0.25479453016267506,-0.5890913261596373,Tier 4
JIEMIN PRIMARY SCHOOL,2 YISHUN STREET 71   ,768515,CO-ED SCHOOL,0,0,0,0.51,0.27,0.01,0.49,0.67,22,1,3,0,4,1,6,0,0,-0.25556657321337173,-0.5908763090016821,Tier 4
LAKESIDE PRIMARY SCHOOL,161 Corporation Walk   ,618310,CO-ED SCHOOL,0,0,0,0.49,0.31,0.02,0.89,1.45,29,1,5,0,4,1,4,0,0,-0.2564785093340881,-0.5929847281203449,Tier 4
UNITY PRIMARY SCHOOL,21 CHOA CHU KANG CRESCENT   ,688268,CO-ED SCHOOL,0,0,0,0.44,0.14,0.0,0.43,0.08,22,2,5,0,5,1,5,0,0,-0.25652342632878433,-0.5930885773354587,Tier 4
FARRER PARK PRIMARY SCHOOL,2 FARRER PARK ROAD   ,217567,CO-ED SCHOOL,0,0,0,0.33,0.18,0.01,0.26,0.45,30,1,5,0,6,2,4,0,0,-0.2573698754482392,-0.5950455888693719,Tier 4
CLEMENTI PRIMARY SCHOOL,8 CLEMENTI AVE 3   ,129903,CO-ED SCHOOL,0,0,0,0.31,0.09,0.0,0.35,0.87,37,2,7,2,6,1,6,0,0,-0.25870737007028766,-0.5981379098863531,Tier 4
YEW TEE PRIMARY SCHOOL,10 CHOA CHU KANG ST 64   ,689100,CO-ED SCHOOL,0,0,0,0.43,0.08,0.03,0.46,0.36,27,1,7,0,5,1,3,0,0,-0.2593389599642686,-0.5995981615173308,Tier 4
BUKIT TIMAH PRIMARY SCHOOL,111 Lorong Kismis   ,598112,CO-ED SCHOOL,0,0,0,0.43,0.1,0.02,0.66,1.33,24,1,3,3,6,2,5,0,0,-0.25986703758409,-0.6008190901816048,Tier 4
PARK VIEW PRIMARY SCHOOL,60 PASIR RIS DRIVE 1   ,519524,CO-ED SCHOOL,0,0,0,0.52,0.17,0.02,0.49,0.72,30,1,6,4,6,1,3,0,0,-0.26012888759521074,-0.6014244939561973,Tier 4
YISHUN PRIMARY SCHOOL,500 YISHUN RING ROAD   ,768679,CO-ED SCHOOL,0,0,0,0.43,0.35,0.01,0.38,0.9,21,2,5,1,3,1,5,0,0,-0.26053342616586483,-0.6023597972490788,Tier 4
OPERA ESTATE PRIMARY SCHOOL,48 FIDELIO STREET   ,458436,CO-ED SCHOOL,0,0,0,0.54,0.25,0.02,0.73,0.98,25,1,3,1,4,2,3,0,0,-0.2629819243584577,-0.6080207863074119,Tier 4
WEST VIEW PRIMARY SCHOOL,31 SENJA ROAD   ,677742,CO-ED SCHOOL,0,0,0,0.51,0.66,0.02,0.5,0.62,24,1,2,0,4,1,4,0,0,-0.2645264798558652,-0.6115918372468258,Tier 4
FERNVALE PRIMARY SCHOOL,1 Fernvale Lane   ,797701,CO-ED SCHOOL,0,0,0,0.45,0.27,0.02,0.58,1.02,29,1,4,0,4,1,5,0,0,-0.2710462969120503,-0.6266658173416659,Tier 4
PUNGGOL COVE PRIMARY SCHOOL,52 Sumang Walk   ,828674,CO-ED SCHOOL,0,0,0,0.5,0.49,0.02,0.52,0.82,24,1,3,1,6,1,3,0,0,-0.2753134787288681,-0.6365316484245724,Tier 4
NORTHSHORE PRIMARY SCHOOL,30 Northshore Drive   ,828671,CO-ED SCHOOL,0,0,0,0.37,0.42,0.02,0.87,0.33,18,1,3,0,5,1,3,0,0,-0.27571860287287847,-0.6374683055776988,Tier 4
PEI TONG PRIMARY SCHOOL,15 CLEMENTI AVENUE 5   ,129857,CO-ED SCHOOL,0,0,0,0.27,0.19,0.0,0.15,0.42,29,1,4,0,4,3,3,0,0,-0.27590718670649655,-0.6379043161175147,Tier 4
YIO CHU KANG PRIMARY SCHOOL,1 HOUGANG STREET 51   ,538720,CO-ED SCHOOL,0,0,0,0.43,0.09,0.0,0.21,0.85,29,2,2,1,4,2,7,0,0,-0.279482259878756,-0.6461699747045316,Tier 4
BOON LAY GARDEN PRIMARY SCHOOL,20 BOON LAY DRIVE   ,649930,CO-ED SCHOOL,0,0,0,0.32,0.1,0.0,0.22,0.21,30,1,4,0,6,2,4,0,0,-0.28190887495237216,-0.6517803694444927,Tier 4
EVERGREEN PRIMARY SCHOOL,31 WOODLANDS CIRCLE   ,738908,CO-ED SCHOOL,0,0,0,0.55,0.23,0.01,0.65,0.84,32,2,3,1,4,1,5,0,0,-0.28277134027696194,-0.6537744108452437,Tier 4
YUHUA PRIMARY SCHOOL,158 JURONG EAST STREET 24   ,609558,CO-ED SCHOOL,0,0,0,0.29,0.11,0.01,0.14,0.17,23,2,4,0,7,1,6,0,0,-0.283557187752451,-0.6555913098626578,Tier 4
ZHANGDE PRIMARY SCHOOL,51 Jalan Membina   ,169485,CO-ED SCHOOL,0,0,0,0.58,0.33,0.02,0.97,1.57,29,1,1,0,8,2,2,0,0,-0.2845693476339784,-0.6579314488229168,Tier 4
GAN ENG SENG PRIMARY SCHOOL,100 REDHILL CLOSE   ,158901,CO-ED SCHOOL,0,0,0,0.37,0.08,0.0,0.2,0.19,29,2,3,0,5,3,3,0,0,-0.28475716875108764,-0.6583656959430886,Tier 4
TAMPINES NORTH PRIMARY SCHOOL,30 TAMPINES AVENUE 9   ,529565,CO-ED SCHOOL,0,0,0,0.43,0.14,0.0,0.31,1.06,20,1,2,0,5,2,5,0,0,-0.2857931010041177,-0.6607607972208099,Tier 4
CEDAR PRIMARY SCHOOL,15 CEDAR AVENUE   ,349700,CO-ED SCHOOL,0,0,0,0.25,0.23,0.01,0.3,0.57,32,1,6,0,5,2,2,0,0,-0.285861401229651,-0.6609187090504348,Tier 4
FUCHUN PRIMARY SCHOOL,23 WOODLANDS AVENUE 1   ,739063,CO-ED SCHOOL,0,0,0,0.45,0.26,0.01,0.42,0.1,29,2,4,0,4,1,4,0,0,-0.2860556391370757,-0.6613677919503003,Tier 4
DAMAI PRIMARY SCHOOL,52 BEDOK RESERVOIR CRESCENT   ,479226,CO-ED SCHOOL,0,0,0,0.39,0.16,0.01,0.23,0.27,31,2,4,0,3,2,4,0,0,-0.2864976421500039,-0.6623897139707069,Tier 4
TOWNSVILLE PRIMARY SCHOOL,3 ANG MO KIO AVE 10   ,569730,CO-ED SCHOOL,0,0,0,0.33,0.16,0.03,0.2,0.16,25,1,3,0,4,2,4,0,0,-0.2893426945775096,-0.668967546337999,Tier 4
ANCHOR GREEN PRIMARY SCHOOL,31 Anchorvale Drive   ,544969,CO-ED SCHOOL,0,0,0,0.39,0.29,0.0,0.2,0.67,30,1,4,0,4,1,5,0,0,-0.2910957134510654,-0.673020569816747,Tier 4
BEACON PRIMARY SCHOOL,36 Bukit Panjang Ring Road   ,679944,CO-ED SCHOOL,0,0,0,0.51,0.08,0.0,0.33,0.2,29,1,4,1,5,1,4,0,0,-0.29144748029997114,-0.6738338635691229,Tier 4
BUKIT VIEW PRIMARY SCHOOL,18 BUKIT BATOK STREET 21   ,659634,CO-ED SCHOOL,0,0,0,0.27,0.07,0.0,0.23,0.8,23,2,5,3,5,1,6,0,0,-0.2926145480330241,-0.6765321533563619,Tier 4
FIRST TOA PAYOH PRIMARY SCHOOL,7 LORONG 8 TOA PAYOH   ,319252,CO-ED SCHOOL,0,0,0,0.22,0.11,0.0,0.08,0.14,29,1,3,2,2,4,2,0,0,-0.294797067892712,-0.6815781938568876,Tier 4
LIANHUA PRIMARY SCHOOL,2 BUKIT BATOK STREET 52   ,659243,CO-ED SCHOOL,0,0,0,0.22,0.08,0.0,0.13,0.27,27,1,4,1,4,1,7,0,0,-0.29580471207420445,-0.6839078924057279,Tier 4
BEDOK GREEN PRIMARY SCHOOL,1 BEDOK SOUTH AVE 2   ,469317,CO-ED SCHOOL,0,0,0,0.36,0.11,0.0,0.2,0.4,31,2,2,0,4,2,6,0,0,-0.2972732117499918,-0.6873031003833961,Tier 4
XINGHUA PRIMARY SCHOOL,45 HOUGANG AVENUE 1   ,538882,CO-ED SCHOOL,0,0,0,0.21,0.07,0.0,0.19,0.32,25,1,4,1,6,2,4,0,0,-0.29797522653293823,-0.6889261761189921,Tier 4
SENG KANG PRIMARY SCHOOL,21 COMPASSVALE WALK   ,545166,CO-ED SCHOOL,0,0,0,0.37,0.11,0.0,0.14,0.33,23,2,4,0,5,2,3,0,0,-0.29908566143946286,-0.6914935293949078,Tier 4
DAZHONG PRIMARY SCHOOL,35 BUKIT BATOK STREET 31   ,659441,CO-ED SCHOOL,0,0,0,0.53,0.8,0.0,1.06,5.29,24,1,1,1,6,2,3,0,0,-0.3009885732358899,-0.6958931090601632,Tier 4
EAST SPRING PRIMARY SCHOOL,31 TAMPINES ST 33   ,529258,CO-ED SCHOOL,0,0,0,0.37,0.13,0.01,0.42,0.39,25,2,3,0,4,1,5,0,0,-0.31116728801618887,-0.7194265522023638,Tier 4
YUMIN PRIMARY SCHOOL,3 TAMPINES STREET 21   ,529393,CO-ED SCHOOL,0,0,0,0.34,0.09,0.0,0.08,0.44,23,1,3,0,3,2,4,0,0,-0.3127740257607916,-0.7231413700524741,Tier 4
JURONG PRIMARY SCHOOL,320 JURONG EAST Street 32   ,609476,CO-ED SCHOOL,0,0,0,0.47,0.31,0.0,0.5,0.97,30,4,3,0,5,1,4,0,0,-0.31813908889465026,-0.735545530198444,Tier 4
MERIDIAN PRIMARY SCHOOL,20 PASIR RIS ST 71   ,518798,CO-ED SCHOOL,0,0,0,0.27,0.24,0.0,0.15,0.1,23,2,4,1,4,1,4,0,0,-0.319264225441933,-0.7381468740354812,Tier 4
CANTONMENT PRIMARY SCHOOL,1 CANTONMENT CLOSE   ,88256,CO-ED SCHOOL,0,0,0,0.4,0.06,0.01,0.29,0.33,31,1,3,2,7,1,4,0,0,-0.319503115577142,-0.7386991940027383,Tier 4
NEW TOWN PRIMARY SCHOOL,300 Tanglin Halt Road   ,148812,CO-ED SCHOOL,0,0,0,0.22,0.06,0.0,0.13,0.24,31,2,3,0,4,2,5,0,0,-0.32068769308227646,-0.7414379668209499,Tier 4
KRANJI PRIMARY SCHOOL,11 CHOA CHU KANG STREET 54   ,689189,CO-ED SCHOOL,0,0,0,0.44,0.54,0.0,0.23,0.19,22,2,3,0,2,1,2,0,0,-0.3213734219246576,-0.7430233890546467,Tier 4
BLANGAH RISE PRIMARY SCHOOL,91 TELOK BLANGAH HEIGHTS   ,109100,CO-ED SCHOOL,0,0,0,0.34,0.25,0.0,0.22,0.21,29,1,3,0,3,2,2,0,0,-0.3251810239407847,-0.7518266601442432,Tier 4
CONCORD PRIMARY SCHOOL,3 CHOA CHU KANG AVE 4   ,689814,CO-ED SCHOOL,0,0,0,0.6,0.33,0.04,0.81,1.3,29,1,1,0,4,0,4,0,0,-0.3357635538180353,-0.7762937338900311,Tier 4
MARYMOUNT CONVENT SCHOOL,20 Marymount Road   ,297754,GIRLS' SCHOOL,0,0,0,0.16,0.05,0.13,0.27,0.67,27,1,4,0,6,1,3,0,0,-0.3373564965629653,-0.7799766573558844,Tier 4
SI LING PRIMARY SCHOOL,61 WOODLANDS AVENUE 1   ,739067,CO-ED SCHOOL,0,0,0,0.38,0.16,0.0,0.23,0.06,33,1,3,1,4,1,3,0,0,-0.3436295267566749,-0.7944800600525298,Tier 4
CHANGKAT PRIMARY SCHOOL,11 SIMEI ST 3   ,529896,CO-ED SCHOOL,0,0,0,0.29,0.1,0.01,0.3,0.14,29,2,3,1,4,1,4,0,0,-0.34510188527897123,-0.7978841897798368,Tier 4
PALM VIEW PRIMARY SCHOOL,150 Compassvale Bow   ,544822,CO-ED SCHOOL,0,0,0,0.5,0.06,0.01,0.51,0.86,28,1,4,1,5,0,3,0,0,-0.346716627589201,-0.8016175143858714,Tier 4
AHMAD IBRAHIM PRIMARY SCHOOL,10 YISHUN STREET 11   ,768643,CO-ED SCHOOL,0,0,0,0.3,0.06,0.0,0.18,0.17,21,2,3,1,4,1,4,0,0,-0.3467500932684026,-0.8016948878731638,Tier 4
TECK WHYE PRIMARY SCHOOL,11 TECK WHYE WALK   ,688261,CO-ED SCHOOL,0,0,0,0.32,0.15,0.01,0.15,0.27,29,1,4,1,5,1,2,0,0,-0.34868986402505503,-0.8061796863763047,Tier 4
ZHONGHUA PRIMARY SCHOOL,12 SERANGOON AVENUE 4   ,556095,CO-ED SCHOOL,0,0,0,0.29,0.07,0.01,0.1,0.28,23,1,3,0,3,1,4,0,0,-0.35060983473397417,-0.810618706673886,Tier 4
PIONEER PRIMARY SCHOOL,80 TENGAH GARDEN AVENUE   ,699915,CO-ED SCHOOL,0,0,0,0.0,0.04,0.05,0.58,0.52,33,1,4,1,4,2,2,0,0,-0.3567714919992863,-0.8248646123746342,Tier 4
EDGEFIELD PRIMARY SCHOOL,41 EDGEFIELD PLAINS   ,828869,CO-ED SCHOOL,0,0,0,0.4,0.08,0.0,0.29,0.36,32,2,3,0,4,1,3,0,0,-0.3569233339139338,-0.8252156746788729,Tier 4
BENDEMEER PRIMARY SCHOOL,91 BENDEMEER ROAD   ,339948,CO-ED SCHOOL,0,0,0,0.33,0.17,0.01,0.27,0.44,30,2,2,0,6,0,5,0,0,-0.3663706820261121,-0.8470581797928627,Tier 4
NORTHOAKS PRIMARY SCHOOL,61 Sembawang Drive   ,757622,CO-ED SCHOOL,0,0,0,0.19,0.07,0.0,0.09,0.06,29,1,3,0,4,0,3,0,0,-0.4144798377456842,-0.9582877510288266,Tier 4
